"250542829","–û–∫—Å–∞–Ω–∞ –ú—è—Ç—ã–≥–∏–Ω–∞","last seen recently"
"326832437","ùïäùïíùï§ùïôùïí_‚Ñô","last seen recently"
"423086451","Margarita Ivanishcheva","last seen recently"
"454385319","–õ–∏–∞–Ω–∞ –®–∞—Ä–∞–ø–æ–≤–∞","last seen recently"
"477692284","Lida","last seen recently"
"502590829","Anna Senatorova","last seen recently"
"541588649","Yulia","last seen recently"
"547412639","–ê–Ω–Ω–∞ –ë—É—à—É–µ–≤–∞","last seen recently"
"757136491","–ò—Ä–∏–Ω–∞ –ì–∏–Ω–∏—è—Ç–æ–≤–∞","last seen recently"
"420021505","–ê–Ω–∞—Å—Ç–∞—Å–∏—è","last seen recently"
"507966503","Victoria","last seen recently"
"407585612","Polina","last seen recently"
"803349346","Anita","last seen recently"
"428739991","Tamara Tan","last seen recently"
"533208408","Olga Abdullina (Sapsay)","last seen recently"
"755622300","–ï–≤–≥–µ–Ω–∏—è –ï—Ä–æ—Ö–æ–≤–µ—Ü","last seen recently"
"392802876","–ò—Ä–∞","last seen recently"
"314049044","–í–∏–∫–∞","last seen recently"
"468176342","Karina Prolomova","last seen recently"
"342661839","Tatyana","last seen recently"
"1096525082","Aleksandra Molka","last seen recently"
"1149469376","–ê–Ω–Ω–∞ –ß–µ–±–æ—Ç–∞—Ä–µ–≤–∞","last seen recently"
"356627051","Katya","last seen recently"
"403199804","Elena","last seen recently"
"723979107","Alyona Krupenia","last seen recently"
"975825126","–Æ–ª–∏—è","last seen recently"
"929572004","Sergey Podoltsev","last seen recently"
"1569790151","Batov Igor","last seen recently"
"363939520","–ù–∏–Ω–∞ –¢–µ—Ä—ë—à–∏–Ω–∞","last seen recently"
"409609043","Ainur I","last seen recently"
"482562198","Ekaterina","last seen recently"
"475841937","Marina OrlovaÓ©ú","last seen recently"
"1927179582","–ï–∫–∞—Ç–µ—Ä–∏–Ω–∞","last seen recently"
"313586026","Elena kHRamova","last seen recently"
"1181219094","Viktorya Panova","last seen recently"
"865178274","S D","last seen recently"
"50766390","Mark Kandaurov","last seen recently"
"1048345568","–ê–ª—ë–Ω–∞","last seen recently"
"1107718099","–ù–∞—Ç–∞–ª—å—è","last seen recently"
"857726483","Vika","last seen recently"
"1161063261","Elena Zamigulova","last seen recently"
"895850470","Daria Kupchenia","last seen recently"
"103087976","Dilnoza","last seen recently"
"814403233","–ö–∞—Ä–æ–ª–∏–Ω–∞ –ë–∞–∑–∞—Ä–æ–≤–∞","last seen recently"
"1035869665","–ê–Ω–∞—Å—Ç–∞—Å–∏—è","last seen recently"
"510515913","Svetlana Perminova","last seen recently"
"779117614","–ú–∞—Ä–∏–Ω–∞","last seen recently"
"631020379","–û–ª—å–≥–∞ –®–∞–ø–æ–≤–∞–ª–æ–≤–∞Ó©ú","last seen recently"
"677147200","–ï–∫–∞—Ç–µ—Ä–∏–Ω–∞","last seen recently"
"444057570","Seniya Kapp","last seen recently"
"1488167864","–¢–∞—Ç—å—è–Ω–∞","last seen recently"
"977696522","Xenia","last seen recently"
"96662206","–Æ–ª–∏—è –ö—É–ø—á–∏–Ω—Å–∫–∞—è","last seen recently"
"341885620","–ú–∞—Ä–∏—è –ß–µ–Ω—Ü–æ–≤–∞","last seen recently"
"376250498","Julia Pavluchenko","last seen recently"
"508832125","–ü–æ–ª–∏–Ω–∞","last seen recently"
"428525580","Natalia","last seen recently"
"895007166","Victoria","last seen recently"
"789668732","Adelia","last seen recently"
"1014878297","Dasha Post","last seen recently"
"1473618124","Yana HR","last seen recently"
"481072208","–î–∞—Ä—å—è –ï—Ä–º–∞–∫–æ–≤–∞","last seen recently"
"1262926238","O–ª—å–≥–∞","last seen recently"
"376904049","Marina ShekeraÓ©ú","last seen recently"
"956562295","–ê–Ω–∂–µ–ª–∏–∫–∞","last seen recently"
"1296746104","OxanaÓ©ú","last seen recently"
"320741738","Anna","last seen recently"
"455949562","–ê–ª—ë–Ω–∞ –§–µ–æ–∫—Ç–∏—Å—Ç–æ–≤–∞","last seen recently"
"674346351","–ù–∞—Ç–∞–ª—å—è","last seen recently"
"879787210","Evgeniya Ilina","last seen recently"
"265097202","Elena Lisnik","last seen recently"
"392303696","Olga Novikova","last seen recently"
"96925702","Kristina","last seen recently"
"498984998","Lento4ka","last seen recently"
"287827998","–ê–Ω–∞—Å—Ç–∞—Å–∏—è –£—Å–æ–≤–∞","last seen recently"
"584925756","–êlinka","last seen recently"
"847446344","–ò—Ä–∫–∏–Ω","last seen recently"
"449290029","–ö—Å–µ–Ω–∏—è","last seen recently"
"830468978","Mary","last seen recently"
"741631571","–ö–æ—Ä–æ–ª–µ–≤–∞ –°–≤–µ—Ç–ª–∞–Ω–∞","last seen recently"
"688405408","Tatiana","last seen recently"
"429420550","Maria Shipitsyna","last seen recently"
"42871204","Gulnara Halikova","last seen recently"
"268646166","–ê–Ω–Ω–∞","last seen recently"
"693833923","–ù–∞–∏–ª—è","last seen recently"
"67594506","Elena Rzianina HR Dubai","last seen recently"
"84531488","–ú–∞—Ä–∏—è","last seen recently"
"836616628","–ê–Ω–∞—Å—Ç–∞—Å–∏—è –ü–ª–∞—Ö–æ–≤–∞","last seen recently"
"773874844","Oxana KuleminaÓ©ú","last seen recently"
"309973991","Irina Siyutkina","last seen recently"
"374835580","Nadya Subbotina","last seen recently"
"824824938","Olesya","last seen recently"
"509974796","A–ª—ë–Ω–∞ –°–∫–∞–ª–∫–∏–Ω–∞","last seen recently"
"403577570","–î–∞—Ä—å—è –ë–∞–ª–∞–Ω–¥–∏–Ω–∞","last seen recently"
"326755251","Olga Lytaeva","last seen recently"
"187018314","Ann V","last seen recently"
"514599757","Alina","last seen recently"
"1028823092","–ê–Ω–∞—Å—Ç–∞—Å–∏—è","last seen recently"
"137115697","Galina","last seen recently"
"573872368","–ê–Ω–∞—Å—Ç–∞—Å–∏—è","last seen recently"
"461037014","–ú–∞—Ä–∏–Ω–∞ –ë—ã–∫–æ–≤–∞","last seen recently"
"275541138","Marina Varlamova","last seen recently"
"287626116","–í–∏–∫—Ç–æ—Ä–∏—è –ë—É—Å—å–∫–æ","last seen recently"
"392537383","A–Ω–∂–µ–ª–∏–∫–∞","last seen recently"
"5040832284","–í–∏–∫—Ç–æ—Ä–∏—è","last seen recently"
"1211031791","Natalia Rald","last seen recently"
"736456114","Vera Kalinina","last seen recently"
"435608731","Nazar Zavalidrov","last seen recently"
"1031667832","Mery Hakobyan","last seen recently"
"113225591","Eugene","last seen recently"
"827920609","Kseniia Gracheva","last seen recently"
"368047859","Dasha","last seen recently"
"545393796","Liliya Kreminskaya","last seen recently"
"1551693146","Andrey","last seen recently"
"386912364","–û–ª–µ–≥","last seen recently"
"1470517282","Veronika","last seen recently"
"294452765","–ï–∫–∞—Ç–µ—Ä–∏–Ω–∞ –§–æ—Ç–µ–µ–≤–∞","last seen recently"
"505721473","–Æ–ª–∏—è –†–æ–º–∞–Ω–µ–Ω–∫–æ","last seen recently"
"541371874","Jenek","last seen recently"
"530566742","–ó—É–ª—è","last seen recently"
"200309779","Julia Sopova","last seen recently"
"365838121","–¢–∞—Ç—å—è–Ω–∞ –¢–∞—Ä–∞–Ω—Ü–æ–≤–∞","last seen recently"
"126102400","Alena Lavelina","last seen recently"
"484549811","Anna","last seen recently"
"609290287","–ò–ª–æ–Ω–Ω–∞","last seen recently"
"1127870925","–ù–∞—Ç–∞–ª—å—è","last seen recently"
"289028444","–í–∏–∫—Ç–æ—Ä–∏—è –Æ–¥–∏–Ω–∞","last seen recently"
"480909115","Olesya Koltsova","last seen recently"
"452461364","–Æ–ª–∏—è –ì–æ—Ä—Å–∫–∞—è| –∫–æ—É—á ICFÓ©ú","last seen recently"
"441834406","Anastasia Kramarenko","last seen recently"
"383940498","Olesia","last seen recently"
"488284316","Lyubov Data","last seen recently"
"333597244","Anya","last seen recently"
"602547389","–ê–Ω–Ω–∞ –ö–æ–Ω–æ–≤–∞–ª–æ–≤–∞Ó©ú","last seen recently"
"1053466392","Elena Radiuk","last seen recently"
"1203516545","Natali","last seen recently"
"198764892","–õ–∏–ª–∏—è –ú–∏—Ä–æ–Ω–æ–≤–∞","last seen recently"
"492724828","Anastasiia","last seen recently"
"863986937","–î–∏–Ω–∞ –®–µ—Å—Ç–µ—Ä–∏–∫–æ–≤–∞","last seen recently"
"387199757","–ò—Ä–∏–Ω–∞ –ß–µ—Ä–Ω–æ–≥–æ—Ä—Ü–µ–≤–∞","last seen recently"
"962605981","–ú–∞—Ä–∏—è –ú–∏—Ä–æ–Ω–µ–Ω–∫–æ–≤–∞","last seen recently"
"238431631","Viktoria","last seen recently"
"1399847306","–Æ–ª–∏—è","last seen recently"
"643072617","Natasha Trush","last seen recently"
"410897741","Vera U","last seen recently"
"286846460","–ü–∞—à–∞","last seen recently"
"531640309","–ê–ª–∏–Ω–∞ –°–º–∏—Ä–Ω–æ–≤–∞Ó©ú","last seen recently"
"1206653287","AnaÓ©ú","last seen recently"
"1020129178","–Æ–ª—è –°–æ–∫–æ–ª–æ–≤–∞","last seen recently"
"1089740487","Liana","last seen recently"
"935844920","–ò—Ä–∏–Ω–∞ –ï—Ñ—Ä–µ–º–æ–≤–∞","last seen recently"
"349977382","Yana Pozniak","last seen recently"
"478629078","Elena Polkovnichenko","last seen recently"
"487228925","Saule Appazova","last seen recently"
"323962437","–î–∏–∞–Ω–∞ –ë–µ—Ä–µ–∑–∏–Ω–∞","last seen recently"
"1254908121","–û–ª—å–≥–∞","last seen recently"
"363402560","–î–∏–∞–Ω–∞","last seen recently"
"1290759208","Yana","last seen recently"
"1309252589","Irina Shmeleva","last seen recently"
"1257144652","Daria Markina","last seen recently"
"457869637","Vlada Belova","last seen recently"
"416518608","–ê–Ω–∞—Å—Ç–∞—Å–∏—è","last seen recently"
"182551375","–ê–ù","last seen recently"
"892142016","–û–ª—å–≥–∞ –ö–∞–ª–∞—à–Ω–∏–∫","last seen recently"
"283633257","RuslanÓ©ú","last seen recently"
"364999470","–õ—é–±–æ–≤—å –£–Ω—è—Ç–æ–≤–∏—á","last seen recently"
"193700552","Alyona Permyakova","last seen recently"
"447972952","Elizaveta","last seen recently"
"422397257","Valentina HR-manager","last seen recently"
"939880519","–ê–Ω–∞—Å—Ç–∞—Å–∏—èÓ©ú","last seen recently"
"917638256","–ò—Ä–∞ –ë–æ–±—Ä–æ–≤–∞","last seen recently"
"1237045937","Valeria Chaplygina","last seen recently"
"1767983264","Ludmila","last seen recently"
"443333731","Elena RÓ©ú","last seen recently"
"284513883","Olga Marozava","last seen recently"
"101663597","Alina","last seen recently"
"703642750","–ï–ª–µ–Ω–∞","last seen recently"
"951622959","Alena Pesetskaya","last seen recently"
"546611616","IrinaÓ©ú","last seen recently"
"532306040","Maria Levina","last seen recently"
"248182831","Natallia","last seen recently"
"492345695","Natalia SurodinaÓ©ú","last seen recently"
"1462620306","Anastasiya Lebed","last seen recently"
"936040736","Natasha Yagovkina","last seen recently"
"114056316","–ù–∞—Ç–∞–ª—å—è –ö–∞—Ä—Ç–∞—à–µ–≤–∞","last seen recently"
"861878163","Tatiana K","last seen recently"
"1208010886","Elena Tsyruleva","last seen recently"
"497518509","–ù–∞–¥–µ–∂–¥–∞","last seen recently"
"378992915","Alisa","last seen recently"
"239972364","Alexandra Sergina","last seen recently"
"438202561","–ê–ª–µ–∫—Å–∞–Ω–¥—Ä–∞ –ê–Ω—Ç–æ—à–∫–∏–Ω–∞Ó©ú","last seen recently"
"307005587","Alisa Kasateva","last seen recently"
"94180650","–ú–∞—Ä–≥–∞—Ä–∏—Ç–∞","last seen recently"
"1014187335","–ï–∫–∞—Ç–µ—Ä–∏–Ω–∞ –ì—É–±–∏–Ω–∞","last seen recently"
"1273552620","Anastasia HR","last seen recently"
"320439676","Dinara Fakhrullina","last seen recently"
"667120251","Olga","last seen recently"
"726793757","–ù–∞—Ç–∞–ª—å—è","last seen recently"
"390354964","Irina","last seen recently"
"916476213","–ï–∫–∞—Ç–µ—Ä–∏–Ω–∞ —Ä–∞–±–æ—á–∏–π","last seen recently"
"341409536","Daria","last seen recently"
"1092205356","Maksym","last seen recently"
"482117055","Mariya","last seen recently"
"913352742","–û–ª—å–≥–∞","last seen recently"
"930967232","Alexandr_smf_hr","last seen recently"
"380391951","Irina Tishkina","last seen recently"
"437045047","Kristina Zyubina","last seen recently"
"424779879","–≠–ª—å–≤–∏—Ä–∞","last seen recently"
"1593332928","–¢–∞—Ç—å—è–Ω–∞ –ë—É—Ä–∞—è","last seen recently"
"270290942","Evgenia Suzdaleva","last seen recently"
"757308274","HotPrint Moldova","last seen recently"
"729060035","–ê–ª–µ–∫—Å–∞–Ω–¥—Ä –ö—É–∏–º–æ–≤","last seen recently"
"2385168","Nemo","last seen recently"
"586809283","–ê–ª–µ—Å—è","last seen recently"
"335364454","–†–æ–¥–∏–æ–Ω–æ–≤–∞ –ï–∫–∞—Ç–µ—Ä–∏–Ω–∞","last seen recently"
"160659673","–°–≤–µ—Ç–ª–∞–Ω–∞","last seen recently"
"1611827235","–ï–∫–∞—Ç–µ—Ä–∏–Ω–∞","last seen recently"
"595002599","Sanya","last seen recently"
"1739048030","–°–≤–µ—Ç–ª–∞–Ω–∞","last seen recently"
"343576694","Marina","last seen recently"
"205436180","Yulia Ivanova","last seen recently"
"491036058","–Æ–ª–∏—è IT-—Ä–µ–∫—Ä—É—Ç–µ—Ä, —Å–ø–µ—Ü–∏–∞–ª–∏—Å—Ç –ø–æ –≤–Ω—É—Ç—Ä–µ–Ω–Ω–∏–º –∫–æ–º–º—É–Ω–∏–∫–∞—Ü–∏—è–º","last seen recently"
"84814729","–ñ–µ–Ω–µ—á–∫–∞","last seen recently"
"221650232","Ekaterina","last seen recently"
"674099597","Kate","last seen recently"
"80905802","Vera R","last seen recently"
"494382792","–ê–Ω–∞—Å—Ç–∞—Å–∏—è –®–µ—Å—Ç–∞–∫–æ–≤–∞","last seen recently"
"427575948","–ê–ª–µ–∫—Å–µ–π –°–∞–≤—á–µ–Ω–∫–æÓ©ú","last seen recently"
"799218828","–ö—Å–µ–Ω–∏—è –ú–µ—Ä–∫—É–ª–æ–≤–∞","last seen recently"
"89505317","Polina Kononova","last seen recently"
"196617653","Pavel Mikhailov","last seen recently"
"202276602","–ö—Å–µ–Ω–∏—è","last seen recently"
"658329575","Alina Khilko","last seen recently"
"662892270","–î–∞—Ä—å—è","last seen recently"
"291107851","Kristina Kononova","last seen recently"
"540824910","Tatiana V.","last seen recently"
"529450259","Viktoria Kuptsova","last seen recently"
"162522796","Alexandra Ant","last seen recently"
"996889532","Sergey","last seen recently"
"867329922","–ê–Ω–∞—Å—Ç–∞—Å–∏—è –ó–∞—Ç–µ–µ–≤–∞","last seen recently"
"396409841","Darya Ro","last seen recently"
"711318056","–ö—Ä–∏—Å—Ç–∏–Ω–∞ –ú–∞–∫–∞—Ä–æ–≤–∞","last seen recently"
"363316628","Arina","last seen recently"
"407451913","Mariia","last seen recently"
"400048937","Maria Borovaya","last seen recently"
"1297998046","–û–ª—å–≥–∞","last seen recently"
"321952435","Maria","last seen recently"
"1173560521","–í–∏–∫—Ç–æ—Ä–∏—è","last seen recently"
"307359803","Alina","last seen recently"
"787039919","Nadezhda","last seen recently"
"412162861","Anastasia","last seen recently"
"953124378","Masha Desna","last seen recently"
"1932869094","–ê–Ω–∞—Å—Ç–∞—Å–∏—è –ö–æ—Å—Ç–µ–≤–∏—á","last seen recently"
"202014578","Mari Brigadnova","last seen recently"
"190455520","Ekaterina KushnarevaÓ©ú","last seen recently"
"341662555","Nst Korsakova","last seen recently"
"580123295","Irina Giachene","last seen recently"
"323271849","Irina Papayanidi","last seen recently"
"754694137","Elena Mez","last seen recently"
"315574893","Anastasia","last seen recently"
"530923337","Tanya","last seen recently"
"338846691","Mari","last seen recently"
"248297692","Alexandra Krylova","last seen recently"
"318113956","Marina Chirko","last seen recently"
"463258865","–ú–∞—Ä–∏–Ω–∞","last seen recently"
"970333248","–ì—É–ª—å—Ñ–∏—è –ë–∞–≥–¥–∞–Ω–æ–≤–∞","last seen recently"
"1703361558","Natalya GromovaÓ©ú","last seen recently"
"622041072","–õ—é–¥–º–∏–ª–∞ –õ–∏—Å–Ω—è–∫","last seen recently"
"1224079681","–ê–Ω–∞—Å—Ç–∞—Å–∏—è –ò–ª—å–∏–Ω–∞","last seen recently"
"541484","Alex Mack","last seen recently"
"459029111","Julia Dobrova","last seen recently"
"483020666","–ú–∞—Ä–∏–Ω–∞ S","last seen recently"
"564436471","–ï–∫–∞—Ç–µ—Ä–∏–Ω–∞ –Ø–Ω—á—É–∫","last seen recently"
"306228609","Lidia","last seen recently"
"1200750928","Nastya","last seen recently"
"910152862","–í–∞—Ä–≤–∞—Ä–∞ –ë–µ–ª–æ–≤–∞","last seen recently"
"204393361","–î–∞—Ä—å—è","last seen recently"
"487830109","–í–∞–ª–µ—Ä–∏—è –ê–Ω–∏—á–∫–∏–Ω–∞","last seen recently"
"449245677","A T","last seen recently"
"758942340","–ù–∞—Ç–∞–ª—å—è –ê—à–∏—Ö–∏–Ω–∞Ó©ú","last seen recently"
"570968397","Irina","last seen recently"
"1759734735","–°–≤–µ—Ç–ª–∞–Ω–∞ –õ—É–∫–∞—à–µ–≤–∏—á","last seen recently"
"328584623","–ï–∫–∞—Ç–µ—Ä–∏–Ω–∞ –†–æ–º–∞–Ω–æ–≤–∞","last seen recently"
"1294244097","Olga Obuhouskaja","last seen recently"
"450043718","–°–≤–µ—Ç–ª–∞–Ω–∞ –°–∫–ª—è—Ä–æ–≤–∞","last seen recently"
"103822826","Anastasia Piskunova","last seen recently"
"137867107","Tatiana Sushcheva","last seen recently"
"432174736","–Æ—Ä–∏–π –®—É—Å—Ç—Ä–æ–≤","last seen recently"
"876217418","LenaÓ©ú","last seen recently"
"5185956604","Svetlana HR-–ö–∞—Ä—å–µ—Ä–Ω—ã–µ –∫–æ–Ω—Å—É–ª—å—Ç–∞—Ü–∏–∏, –ø—Ä–æ—Ñ–æ—Ä–∏–µ–Ω—Ç–∞—Ü–∏–∏","last seen recently"
"354448145","Natalya Zakharova","last seen recently"
"1737541145","–°–µ—Ä–≥–µ–π","last seen recently"
"5090784337","Olga","last seen recently"
"357758988","Lina","last seen recently"
"247435059","Ksenia ReshetnikovaÓ©ú","last seen recently"
"927753546","Evgeniya Burtseva","last seen recently"
"757909589","Svetlana Vening","last seen recently"
"942162341","Yuliya Sokolova","last seen recently"
"483842586","Natalli Ermolina","last seen recently"
"1802964162","Irina","last seen recently"
"5181936821","–ï–∫–∞—Ç–µ—Ä–∏–Ω–∞","last seen recently"
"1175455118","Elena Rozhnovskaya","last seen recently"
"592953728","Viktoriia Kuro","last seen recently"
"249934593","–í–∏–∫—Ç–æ—Ä–∏—è","last seen recently"
"118766893","Anis√°","last seen recently"
"171293735","Svetlana S.","last seen recently"
"778136467","–ù–∞–¥–µ–∂–¥–∞ –ù–∞–¥–µ–∂–¥–∞","last seen recently"
"513777378","Sasha","last seen recently"
"1388226664","Irina Evdokimova","last seen recently"
"654173686","Violetta Mardezheva","last seen recently"
"446675425","Mekan","last seen recently"
"219430829","Serghei Scutelniciuc","last seen recently"
"927336722","–ì–∞–ª–∏–Ω–∞","last seen recently"
"791661668","Maria –ï","last seen recently"
"330489975","–ï–ª–µ–Ω–∞ –ù–µ–Ω–∞—Ö–æ–≤–∞","last seen recently"
"563958929","Polina","last seen recently"
"1641468121","V D","last seen recently"
"264885738","–°—Ç–∞–Ω–∏—Å–ª–∞–≤ –ê—Ö–º–µ—Ç–∑—è–Ω–æ–≤","last seen recently"
"397899453","Zholud Kseniya","last seen recently"
"559663777","Ekaterina Nikitina","last seen recently"
"553204867","Nina Melnikova","last seen recently"
"1843939662","–≠–ª–µ–æ–Ω–æ—Ä–∞","last seen recently"
"189565282","Georgy Kaplya","last seen recently"
"458569257","Turusova Maria","last seen recently"
"240082801","Julia","last seen recently"
"749067493","–í–∏–∫—Ç–æ—Ä–∏—è –¢–∞–ª–∞–Ω–æ–≤–∞","last seen recently"
"907401325","–ú–∞—Ä–∏–Ω–∞","last seen recently"
"882466992","–ö–∏—Ä–∏–ª–ª –†—ã–±–∞–∫–æ–≤","last seen recently"
"895284729","–ö—Å—é—à–∞","last seen recently"
"837484433","Ksenia Timakova","last seen recently"
"368271747","Aleksandra Doroshenkova","last seen recently"
"733200130","–ö—Å–µ–Ω–∏—è","last seen recently"
"126668956","–¢–∞–Ω—è","last seen recently"
"1439578978","Ekaterina ZelentsovaÓ©ú","last seen recently"
"57915235","–ï–≤–≥–µ–Ω–∏—èÓ©ú","last seen recently"
"797133306","Alina","last seen recently"
"2045784528","Polina","last seen recently"
"282623043","Maria Tihomirova","last seen recently"
"1154641661","–ú–∞—Ä–∏—è –§–µ–¥–æ—Ç–æ–≤–∞","last seen recently"
"5151450931","–û–∫—Å–∞–Ω–∞ –í–∞–ª–µ—Ä—å–µ–≤–Ω–∞ –ö.","last seen recently"
"5098041120","Olga HR Bell Integrator","last seen recently"
"55652974","–õ–æ–ª–∞","last seen recently"
"834647628","–û–ª—å–≥–∞ –£—Ç–∏—à–µ–≤–∞","last seen recently"
"641490834","Oxana","last seen recently"
"1778379693","Xenia Minenko","last seen recently"
"505682238","–î–∏–∞–Ω–∞ –ê–∫—á—É—Ä–∏–Ω–∞","last seen recently"
"243906838","Ekaterina Selezneva","last seen recently"
"739088664","–õ—è–Ω–∞ –ê–ª–µ–∫—Å–µ–µ–≤–Ω–∞","last seen recently"
"1946243202","–í–∞–ª–µ—Ä–∏—è","last seen recently"
"730174533","Evgeniya","last seen recently"
"408663166","–ê—Å–∏—è","last seen recently"
"259561796","–û–ª—å–≥–∞","last seen recently"
"939839035","–ö–∞—Ä–∏–Ω–∞","last seen recently"
"280892866","Valentay Obmetka","last seen recently"
"506279815","Ina Z./ –ò–Ω–Ω–∞","last seen recently"
"435589747","Katya –öonysheva","last seen recently"
"946458323","–Æ–ª–∏—è –°–æ—Ö–∏–Ω–∞","last seen recently"
"490397727","–≠–ª–ª–∞–¥–∞","last seen recently"
"1812495","–í–∞—Å–∏–ª–∏–π –ö–æ–º–æ–ª–æ–≤","last seen recently"
"1624374588","Elena Sverlova","last seen recently"
"1023139297","Katerina","last seen recently"
"478457107","Anna –örasner","last seen recently"
"908776986","–ï–≤–≥–µ–Ω–∏–π","last seen recently"
"1317320809","–¢–∞—Ç—å—è–Ω–∞ –®—É–º–æ–≤–∞","last seen recently"
"1312437027","–≠–ª—è","last seen recently"
"379285662","–ò—Ä–∏–Ω–∞","last seen recently"
"139227578","Elena Kostyannikova","last seen recently"
"419460909","Olga Skosyreva","last seen recently"
"885386090","–û–ª—å–≥–∞ –°–∞–ª–∏–Ω–∞","last seen recently"
"285752214","–ê–ª—ë–Ω–∞ –ó–∞–π—Ü–µ–≤–∞","last seen recently"
"1285304750","–í–∏–∫—Ç–æ—Ä–∏—è –ù–∏–ª–æ–≤–∞Ó©ú","last seen recently"
"121773774","Anna Kaparova","last seen recently"
"463509828","Diana","last seen recently"
"1107368885","Anastasia PetrovaÓ©ú","last seen recently"
"1109393155","–ï–≤–≥–µ–Ω–∏—è –î–µ–º–∞–∫–æ–≤–∞","last seen recently"
"240953911","Annette","last seen recently"
"272005132","–°–µ—Ä–≥–µ–π","last seen recently"
"596927989","–ê–Ω–Ω–∞","last seen recently"
"1386113827","Zinaida Kislitsyna","last seen recently"
"561259915","Tamara Bruy","last seen recently"
"688143136","–î–∞—Ä—å—è","last seen recently"
"990782802","Tina HRÓ©ú","last seen recently"
"337844090","Ekaterina","last seen recently"
"123840095","G G","last seen recently"
"311134764","–ö–∞—Ç—è –°—Ç–µ–ø–∞–Ω–æ–≤–∞","last seen recently"
"1842857763","–î–∏–∞–Ω–∞ –ò–≤–∞–Ω–æ–≤–∞Ó©ú","last seen recently"
"936204945","Tatiana","last seen recently"
"268624138","Alexey Samsonov","last seen recently"
"231326372","Anna S.","last seen recently"
"1754028456","Ekaterina Kovrigina","last seen recently"
"322724688","Oxana","last seen recently"
"571983534","–ï–ª–µ–Ω–∞","last seen recently"
"330582970","Ksenia BaryshnikovaÓ©ú","last seen recently"
"469145322","–ö–∞—Ç–µ—Ä–∏–Ω–∞·õâ·ö±·ö®","last seen recently"
"373630576","–ï–ª–µ–Ω–∞ –ü—Ä–æ–≤–æ—Ç–æ—Ä–æ–≤–∞","last seen recently"
"800299737","–ê–ª—ë–Ω–∞ –ì–æ–ª—É–±–µ–≤–∞","last seen recently"
"973370335","–ê–Ω–Ω–∞","last seen recently"
"1074420450","–ê–Ω–∞—Å—Ç–∞—Å–∏—è –ë–æ—Ä–∏—Å–æ–≤–∞Ó©ú","last seen recently"
"293250262","Bekmacheva Nastasia","last seen recently"
"631437084","Irina","last seen recently"
"425780558","Sergey Dekusar","last seen recently"
"204346979","Angelika Koroleva","last seen recently"
"931854745","Veronika","last seen recently"
"357578238","–û–ª—å–≥–∞ –†–∞—Ö–º–∞–Ω–æ–≤–∞","last seen recently"
"548094309","Mari","last seen recently"
"598025676","–ù–∞–¥—è –ö—Ä—É—Ç–∏–∫–æ–≤–∞Ó©ú","last seen recently"
"584608767","Anastasiya B","last seen recently"
"208028574","Daria Lisitsa","last seen recently"
"215184575","–ê–Ω–Ω–∞","last seen recently"
"59503916","–ê–ª–µ–∫—Å–∞–Ω–¥—Ä–∞","last seen recently"
"322231492","Max Frolov","last seen recently"
"1097894043","Gorefield","last seen recently"
"1665649194","Inna Lachugina","last seen recently"
"477735035","–ï–ª–µ–Ω–∞","last seen recently"
"314055351","Valeria","last seen recently"
"325340928","–ï–ª–µ–Ω–∞","last seen recently"
"978974955","–ò–≤–∞–Ω –§–∞–º–∏–ª–∏—è","last seen recently"
"1198333297","Shipland","last seen recently"
"287573584","PavelÓ©ú","last seen recently"
"377994246","Elena Vishnyakova","last seen recently"
"498244016","lena","last seen recently"
"752833913","Dina Astakhova","last seen recently"
"896685997","–ë–µ–ª—è–∫ –õ—é–¥–º–∏–ª–∞","last seen recently"
"428315255","Den GogÓ©ú","last seen recently"
"1450672695","–ì—É–ª—å—à–∞—Ç","last seen recently"
"665091895","Olga Casian","last seen recently"
"5381794851","Sergei Korolev","last seen recently"
"257215152","Anna","last seen recently"
"966008738","–ê–Ω–Ω–∞","last seen recently"
"742029233","–¢–∞–º–∞—Ä–∞ –ù—É–∂–¥–∏–Ω–∞","last seen recently"
"361646857","–ê–Ω–∞—Å—Ç–∞—Å–∏—è","last seen recently"
"2064898599","Maks Maidanov","last seen recently"
"236354070","Julie Demenkova","last seen recently"
"148020833","Irene Rakhmanina","last seen recently"
"678870323","–ù–∞—Ç–∞–ª—å—è","last seen recently"
"505123270","–ê–Ω–∂–µ–ª–∞","last seen recently"
"2005370241","Ekaterina","last seen recently"
"394198969","–ê–π–≥—É–ª—å","last seen recently"
"1336681128","–ê–Ω–∞—Å—Ç–∞—Å–∏—è","last seen recently"
"380952426","Kateryna","last seen recently"
"525563073","Akmaral","last seen recently"
"1002679297","–î–∞—Ä—å—è","last seen recently"
"247651907","–ö–æ–Ω—Å—Ç–∞–Ω—Ç–∏–Ω –ë—É–ª–≥–∞–∫–æ–≤","last seen recently"
"775769010","–ê–Ω–Ω–∞ –§–∞—Ä–∞–¥–∂–µ–≤–∞","last seen recently"
"695684699","–ö—Ä–∏—Å –ù–∞–≥–æ—Ä–Ω–æ–≤–∞","last seen recently"
"464170098","Ann","last seen recently"
"705025920","Mary","last seen recently"
"1207024424","yakutsky_ghoul","last seen recently"
"1071521797","–ù–∞–¥–µ–∂–¥–∞","last seen recently"
"286418806","–ï–ª–∏–∑–∞–≤–µ—Ç–∞","last seen recently"
"437528310","–õ–∏–∑–∞ –£—Å–ø–µ–Ω—Å–∫–∞—è","last seen recently"
"1043875524","–í–µ—Ä–∞Ô∏è","last seen recently"
"283789077","–ö–∏—Ä–∏–ª–ª","last seen recently"
"590890551","alyona","last seen recently"
"2790489","Aleksandr Han","last seen recently"
"628740165","Kristina S","last seen recently"
"963260695","–ú–∞—Ä–∏—è –ù–∏—à—Ç—É–Ω","last seen recently"
"489672051","Yulia Smirnova","last seen recently"
"568500861","Ksenya","last seen recently"
"1240353572","Daria Kolesnikova","last seen recently"
"1652020968","–¢–≤–æ–π HR –û–ª—å–≥–∞","last seen recently"
"2117039650","Iuliana Kondratenko","last seen recently"
"335156464","Julia","last seen recently"
"149781847","IvanÓ©ú","last seen recently"
"1179969045","Lina","last seen recently"
"1285336876","Liliya","last seen recently"
"5130871109","–ê","last seen recently"
"1123433595","–õ—é–¥–º–∏–ª–∞","last seen recently"
"146903979","Step","last seen recently"
"655556867","–°—å—é","last seen recently"
"1611249928","–ï–∫–∞—Ç–µ—Ä–∏–Ω–∞","last seen recently"
"1207239621","Dasha","last seen recently"
"5031327725","–§–µ—Ä–∏–¥–µ BH –û—Å–º–∞–Ω–æ–≤–∞","last seen recently"
"527328196","Mari Orlova","last seen recently"
"350008922","Daniel Pushkin","last seen recently"
"1654747254","–Æ–ª–∏—è –†–∏–Ω–∞—Ç–æ–≤–Ω–∞","last seen recently"
"449666537","Nastya Shut","last seen recently"
"472061793","NataliaÓ©ú","last seen recently"
"107046098","–ú–∞—à–∞ –ö–∏–≤–µ—Ä–∏–Ω–∞","last seen recently"
"434332625","–°–æ—Ñ–∏—è","last seen recently"
"482940475","–ê–Ω–Ω–∞","last seen recently"
"856068155","–ê–Ω–∞—Å—Ç–∞—Å–∏—è –ú–∞—Ç–≤–µ–µ–≤–∞","last seen recently"
"311027942","ùíúùìµùìØùì≤ùìéùí∂","last seen recently"
"219430367","–ê–ª–µ–∫—Å–∞–Ω–¥—Ä","last seen recently"
"303989230","Zhenya Telyatnikova","last seen recently"
"743232200","–Æ–ª–∏—è","last seen recently"
"880374816","ùíéùíêùíìùíêùíõùíêùíóùíÇ ùíåùíìùíäùíîùíïùíäùíèùíÇ","last seen recently"
"786010231","–ê–ª–∏–Ω–∞","last seen recently"
"274617720","–õ–µ–Ω–∞ –ö.","last seen recently"
"563147174","Maria M","last seen recently"
"836807667","–í–∏–∫—Ç–æ—Ä–∏—è –ï–≥–æ–∑–æ–≤–∞Ó©ú","last seen recently"
"686558473","–û–ª—å–≥–∞","last seen recently"
"367076146","–ê–Ω–Ω–∞ –®–∞–Ω–≥–∞—Ä–µ–µ–≤–∞","last seen recently"
"244890244","–î–∞—Ä—å—è –ú–µ—Ä–∑–ª—è–∫–æ–≤–∞","last seen recently"
"159703213","–ê–Ω–Ω–∞","last seen recently"
"308908507","–ü–æ–ª–∏–Ω–∞","last seen recently"
"465357820","Svetlana","last seen recently"
"5718740496","–ï–ª–µ–Ω–∞ –†–µ–∫—Ä—É—Ç–µ—Ä","last seen recently"
"690403913","–ê–Ω–∂–µ–ª–∏–∫–∞","last seen recently"
"142224885","Olesya Mirochnik","last seen recently"
"1062165825","Darya Galushko","last seen recently"
"366038407","TatianaÓ©ú","last seen recently"
"1415466408","–ê–Ω—è","last seen recently"
"891194333","Pishchikova Viktoriya","last seen recently"
"780981201","–î–∞—Ä—å—è –ö–æ–≤–∞–ª–µ–Ω–∫–æ","last seen recently"
"273847348","–ê–Ω–¥—Ä–µ–π –ó.","last seen recently"
"397418279","Anna MasharovaÓ©ú","last seen recently"
"778974270","–°–∞—à–∞ –§–µ–¥–æ—Ä–æ–≤–∞Ó©ú","last seen recently"
"984391561","Olga Bayandina","last seen recently"
"937620971","–û–ª—å–≥–∞","last seen recently"
"640883545","Daria Fukalova","last seen recently"
"647463521","–ï–ª–µ–Ω–∞","last seen recently"
"1048985806","–û–ª—å–≥–∞","last seen recently"
"1092344981","Luiza","last seen recently"
"420476682","–ê–Ω–∞—Å—Ç–∞—Å–∏—è –ö–∞—Å—å—è–Ω–æ–≤–∞","last seen recently"
"189490520","Anton","last seen recently"
"841894460","–ê–Ω–∞—Å—Ç–∞—Å–∏—è","last seen recently"
"687958363","Dasha","last seen recently"
"1683204899","–°–≤–µ—Ç–ª–∞–Ω–∞ –ö–æ—Å—Ç–µ–Ω–∫–æ","last seen recently"
"1959878451","ILIAS","last seen recently"
"512229409","–ú–∞—Ä–∏–Ω–∞ –ö–≤–∞—Å–æ–≤–∞","last seen recently"
"725663897","Elya Popova","last seen recently"
"153652444","–î–∏–∞–Ω–∞","last seen recently"
"1963242707","Artur","last seen recently"
"299155897","Zhenya Savelieva","last seen recently"
"1256709308","Olya Larina","last seen recently"
"354879774","–î–∏–∞–Ω–∞","last seen recently"
"124801081","R","last seen recently"
"701878484","Kristina TsalievaÓ©ú","last seen recently"
"666805463","–≠–ª–∏–Ω–∞","last seen recently"
"930909091","Ekaterina Aristova","last seen recently"
"643638927","Daria L.","last seen recently"
"759214747","–ò—Ä–∏–Ω–∞","last seen recently"
"839496771","V Basimov","last seen recently"
"255795796","Kate Kazminskaya","last seen recently"
"436937452","–ê—Ä—Ç—É—Ä","last seen recently"
"479587169","Maria Gubareva","last seen recently"
"1335585296","–Ø–Ω–∞ –î–º–∏—Ç—Ä–∏–µ–≤–∞","last seen recently"
"130419012","Anna Nikiforova","last seen recently"
"245279100","–ú–∞—Ä–≥–∞—Ä–∏—Ç–∞","last seen recently"
"440784024","–ï–∫–∞—Ç–µ—Ä–∏–Ω–∞ –ú–∏—Ç—Ä–æ—à–∫–∏–Ω–∞","last seen recently"
"1012004998","–Ω–∞—Å—Ç—è","last seen recently"
"1264526629","Helena Meshcherikova","last seen recently"
"479350915","–ê–Ω–¥—Ä–µ–π","last seen recently"
"1234682778","Alina KhurtovaÓ©ú","last seen recently"
"827201240","Evgenia VolvakÓ©ú","last seen recently"
"382060079","Tatyana","last seen recently"
"101105152","Artur Nizamov","last seen recently"
"451936177","–í–∏–∫–∞ –ó–∞–ø–æ–ª—å—Å–∫–∞—è","last seen recently"
"308726827","Valery","last seen recently"
"1014204517","Elena Kozeeva","last seen recently"
"899682094","–û–ª—å–≥–∞","last seen recently"
"178100207","Sergey –¢–æ–ø-–ü–µ—Ä—Å–æ–Ω–∞ –ü–æ–¥–±–∏—Ä–∞—é –Ω—É–∂–Ω—ã—Ö –∫–∞–Ω–¥–∏–¥–∞—Ç–æ–≤ 18 –ª–µ—Ç","last seen recently"
"393011849","Daria","last seen recently"
"38147986","Kristina","last seen recently"
"461712169","Elizaveta Lebedinskaya","last seen recently"
"728056230","–ú–∞—Ä–∏—è –ê–≤—Ä–∞–º—á—É–∫","last seen recently"
"428270804","Alina Kolyadova","last seen recently"
"5819516809","S","last seen recently"
"608510866","–ö–∞—Ç–µ—Ä–∏–Ω–∞","last seen recently"
"843394979","–ú–∏—Ö–∞–∏–ª","last seen recently"
"766346815","–í–ª–∞–¥–∏—Å–ª–∞–≤ –í—ã—à–µ—Å–ª–∞–≤–æ–≤","last seen recently"
"452522975","–í–∏—Ç–∞","last seen recently"
"381800276","–ö–∞—Ç—è –ù–µ–º—Ü–µ–≤–∞","last seen recently"
"775673276","Lena Ermolina","last seen recently"
"1791912698","–î–∞—Ä–∏–Ω–∞ –ê—Ç–∞–º–∞–Ω–µ–Ω–∫–æ","last seen recently"
"933074077","Aizada","last seen recently"
"358520695","Ivan","last seen recently"
"554104844","Elena Perevozchenko","last seen recently"
"1771455640","–ê–ª–µ–∫—Å–∞–Ω–¥—Ä–∞ –§–µ–¥–æ—Ç–æ–≤–∞","last seen recently"
"5005780425","–ù–∞—Ç–∞–ª—å—è","last seen recently"
"355662621","ANASTASIYA MOROZOVA","last seen recently"
"530822669","Olga","last seen recently"
"808282402","–ö–∏—Ä–∞ –ö–æ–≤–∞–ª–µ–≤–∞","last seen recently"
"309308928","–ê–ª–∏—è","last seen recently"
"729964134","–ê–Ω–∞—Å—Ç–∞—Å–∏—è –ü–æ–ª—è–∫–æ–≤–∞","last seen recently"
"6120686144","Catherine Voronina","last seen recently"
"422644669","–ù–∞—Å—Ç–∞—Å—å—è –°–∞–≤–∏–Ω–æ–≤–∞","last seen recently"
"1981827983","–î–∞—Ä—å—è","last seen recently"
"1777751442","Irina Svetlova","last seen recently"
"248631212","–ò–Ω–Ω–∞ –£—Å–∫–æ–≤–∞","last seen recently"
"5872194397","–î–∞—Ä—å—è –í–æ—Ä–æ–±—å–µ–≤–∞ Ó©ú","last seen recently"
"5000603062","","last seen recently"
"48134807","–í–ª–∞–¥–∏—Å–ª–∞–≤ –ö—É–∑–∏–Ω","last seen recently"
"5873321841","Grigoriy","last seen recently"
"1093888052","ElÓ©ú","last seen recently"
"824727569","Natalia Kovaleva","last seen recently"
"1370891363","Daria Filatova (ex. Gungor)","last seen recently"
"183123309","Dmitry Frolov","last seen recently"
"357486595","–≠–ª—å–≤–∏—Ä–∞ –ú—É–≥–∏–Ω–æ–≤–∞","last seen recently"
"196298328","Yulia Lunina","last seen recently"
"979942077","Aigul Kasimova","last seen recently"
"404385979","–õ—é–±–æ–≤—å","last seen recently"
"1112170806","–ï–ª–µ–Ω–∞","last seen recently"
"1059519970","–ï–ª–µ–Ω–∞ –ö–æ—Ä–Ω–µ–≤–∞","last seen recently"
"417018005","SashaÓ©ú","last seen recently"
"459146928","–¢–∞—Ç—å—è–Ω–∞ –ë–µ—Ä–µ–∑–∫–æ","last seen recently"
"921303937","–õ–µ–π–ª–∞ –ö–∞—Å—É–º–æ–≤–∞","last seen recently"
"623549495","–ê–∏–¥–∞","last seen recently"
"580215223","–ê–Ω–Ω–∞Ó©ú","last seen recently"
"479345990","–ê–π–≥—É–ª—å –ê–±–¥—É–ª–ª–∞–µ–≤–∞","last seen recently"
"790110548","–¢–∞—Ç—å—è–Ω–∞ –ú–∏—Ç—Ä—è—Å–æ–≤–∞","last seen recently"
"898296843","–¢–∞—Ç—å—è–Ω–∞ –¢–∞—Ä–∞—Å–æ–≤–∞","last seen recently"
"149390079","Nadezhda MasalevaÓ©ú","last seen recently"
"464060956","Anna K.","last seen recently"
"423110137","–ê–ª–∏–Ω–∞","last seen recently"
"530925361","Olga","last seen recently"
"740849435","–ê–Ω–∏—Ç–∞ –õ–µ—Ç–æ–≤–∞","last seen recently"
"2073147831","–ù–∞–¥–µ–∂–¥–∞","last seen recently"
"543688675","–≠–º-–î–∂–µ–π","last seen recently"
"217874421","Anna BaranovaÓ©ú","last seen recently"
"155931218","Ekaterina Orlova","last seen recently"
"1469862179","M–∞—à–∞ –ö–æ–π—Å","last seen recently"
"770428125","–î–∞—Ä—å—è –ì–∞—Ä–∞–Ω–∏–Ω–∞","last seen recently"
"1009256888","–î–∏–∞–Ω–∞","last seen recently"
"1091879814","–¢–∞—Ç—å—è–Ω–∞","last seen recently"
"652772665","Ira","last seen recently"
"5022530373","Elena Kondrateva","last seen recently"
"127129352","Anna","last seen recently"
"144053933","Anna Galimova","last seen recently"
"1435143","Julia Shtelmakh","last seen recently"
"377603253","Halyna","last seen recently"
"1012380849","–ò—Ä–∏–Ω–∞ –õ–∞–ø–∏–Ω—å—à","last seen recently"
"477178661","Julia","last seen recently"
"647699422","Aleksandr","last seen recently"
"695366325","Anastasia","last seen recently"
"1028061590","–ù–∞—Ç–∞–ª—å—è","last seen recently"
"416415401","Alexandra Rastorgueva","last seen recently"
"872143840","–ê–ª–ª–∞ –ê—Ñ–∞–Ω–∞—Å—å–µ–≤–∞","last seen recently"
"141861230","–ê—Ñ–∏–Ω–∞","last seen recently"
"319099860","DashaÓ©ú","last seen recently"
"314001653","–ù–∞—Ç–∞–ª—å—è –ê–±—Ä–∞–º–æ–≤–∞","last seen recently"
"1126736870","–ü–æ–ª–∏–Ω–∞","last seen recently"
"865178100","–ï–∫–∞—Ç–µ—Ä–∏–Ω–∞ –ë—É—Ç–µ–Ω–∫–æ","last seen recently"
"415840812","a r i n a","last seen recently"
"348770992","Vladyslava Tsymbal","last seen recently"
"1433411523","Anastasiya","last seen recently"
"724188733","–ù–µ–ª–ª–∏ –ï—Ñ–∞–Ω–æ–≤–∞Ó©ú","last seen recently"
"173537579","Anton UÓ©ú","last seen recently"
"1125214687","–¢–∞—Ç—å—è–Ω–∞","last seen recently"
"5168252483","–ú–∞—Ä–∏–Ω–∞ –ö—É–∫–∞—Ä—Å–∫–∞—è","last seen recently"
"982758931","–û–ª–µ—Å—è","last seen recently"
"343287847","GulnarS","last seen recently"
"617892672","–≠–ª—å–≤–∏—Ä–∞","last seen recently"
"273516124","–¢–∞—Ç—å—è–Ω–∞ –ü","last seen recently"
"315243726","Sandra Pushkaeva","last seen recently"
"207229144","–ö–∞–º–∏–ª–ª–∞","last seen recently"
"180673469","–ò—Ä–∏–Ω–∞ –ö—É–ª–∞–≥–∏–Ω–∞","last seen recently"
"1142873991","Karina","last seen recently"
"608149207","Maria","last seen recently"
"381085294","Xenia Talantdigger","last seen recently"
"1360968906","Olya Liht","last seen recently"
"5279270893","Ilia Dubovtsev","last seen recently"
"657046976","–ù–∞—Ç–∞–ª—å—è –†–æ–º–∞–Ω–æ–≤–∞","last seen recently"
"1174268404","–Æ–ª–∏—è –ê—Ä—Ö–∏—Ä–µ–µ–≤–∞","last seen recently"
"672269881","–Æ–ª–∏—è –®–∞–µ–≤—Å–∫–∞—è","last seen recently"
"439668882","Anna","last seen recently"
"375758893","–Æ–ª–∏—è –ú–∞—Ä–∏–Ω–∏–Ω–∞","last seen recently"
"361356054","–ü–æ–ª–∏–Ω–∞","last seen recently"
"226429329","Dasha","last seen recently"
"748066780","–Æ–ª–∏—è –ö–µ—Ä—à–∏–Ω—Å–∫–∞—è","last seen recently"
"256721685","Tatiana Preobrazhenskaya","last seen recently"
"290520965","–ò—Ä–∏–Ω–∞","last seen recently"
"434137285","–ê–Ω–∞—Å—Ç–∞—Å–∏—è","last seen recently"
"282754885","Valery BurkinaÓ©ú","last seen recently"
"196285596","–î–∂–∞—Ä–∏","last seen recently"
"852121481","Eugenia Manichkina","last seen recently"
"377042254","Nadya","last seen recently"
"819263569","vicka walker","last seen recently"
"518839467","–ê–Ω–∞—Å—Ç–∞—Å–∏—è","last seen recently"
"1443959065","Sasha Varn","last seen recently"
"461885589","–†—É—Å–ª–∞–Ω","last seen recently"
"890796416","–Æ–ª–∏—è –û—Ä–¥–µ–Ω–∫–æ","last seen recently"
"1246714864","Valentina","last seen recently"
"870309457","–ï–∫–∞—Ç–µ—Ä–∏–Ω–∞","last seen recently"
"514270500","Irina","last seen recently"
"874701941","–ù–∞—Ç–∞–ª—å—è","last seen recently"
"5762337413","–ê–Ω–¥—Ä–µ–π HR","last seen recently"
"611113583","–ê–Ω–∞—Å—Ç–∞—Å–∏—è","last seen recently"
"194364176","Klava","last seen recently"
"453957492","Ksenia","last seen recently"
"218969997","EM","last seen recently"
"340840222","Viktoryia Lavitskaya","last seen recently"
"745454246","–û–ª–µ—Å—è –ë–∞–∑—É–µ–≤–∞","last seen recently"
"1357083604","–ê–ª–µ–Ω–∞ –î—É–±–∫–æ","last seen recently"
"1423054622","Helen Helen","last seen recently"
"597099219","–°–≤–µ—Ç–ª–∞–Ω–∞ –î—É—à–∏–Ω–∞","last seen recently"
"614597382","Nadezhda Petrovskaya","last seen recently"
"586768493","Alena Sova","last seen recently"
"521804720","DIIANE","last seen recently"
"257023478","Ann","last seen recently"
"803730430","–ê–Ω–∞—Å—Ç–∞—Å–∏—è","last seen recently"
"1385706820","–ê–ª–µ–∫—Å–∞–Ω–¥—Ä–∞","last seen recently"
"1825040867","ùì®ùìæùìµùì≤ùîÇùì™ ùì¢ùì≤ùìµùì¥ùì∏","last seen recently"
"882092249","–ï–ª–µ–Ω–∞ –ë–µ–ª—è–∫–æ–≤–∞","last seen recently"
"5061607952","Yuliya","last seen recently"
"989665834","–í–∞–ª–µ—Ä–∏—è","last seen recently"
"1137695463","Zhuldyz KurmanbekovaÓ©ú","last seen recently"
"965852621","–Æ–ª–∏—è","last seen recently"
"1369052082","–í–∞–¥–∏–º –í","last seen recently"
"754345506","–†—É—Å–ª–∞–Ω","last seen recently"
"738898891","–ê–Ω–∞—Å—Ç–∞—Å–∏—èÓ©ú","last seen recently"
"952886110","–≠–ª–∏–Ω–∞","last seen recently"
"936950900","Xenia Sushkina","last seen recently"
"347966775","–î–µ–Ω–∏—Å –í–æ—Ä–æ–Ω–∫–æ–≤","last seen recently"
"214082131","–û–∫—Å–∞–Ω–∞ –ü–æ—Ç–∞–ø–æ–≤–∞","last seen recently"
"121344483","–ö–∞—Ç—è","last seen recently"
"547690602","Inna Melenchuk","last seen recently"
"322097174","–ù–∞—Ç–∞–ª–∏ –ò—à–ø–∞–µ–≤–∞","last seen recently"
"1611786415","–ê–ª–∏–Ω–∞ –ú–µ–∑–∏–µ–≤–∞","last seen recently"
"6243365598","–ê–ª–µ–∫—Å–∞–Ω–¥—Ä–∞ –û.","last seen recently"
"229530809","Olga","last seen recently"
"1915586391","–¢–∞—Ç—å—è–Ω–∞","last seen recently"
"341321543","Dasha","last seen recently"
"76945327","ùíúùìÉùíπùìáùëíùíæ ùí¶ùíΩùìáùëúùìÇùëúùìã (Andrei Khromov)","last seen recently"
"419284587","–ï–∫–∞—Ç–µ—Ä–∏–Ω–∞","last seen recently"
"620227195","–ù–∞—Å—Ç–∞—Å—å—è","last seen recently"
"2056745445","–ö—Ä–∏—Å—Ç–∏–Ω–∞","last seen recently"
"229693632","–ê–ª–º–∞–≥—É–ª—å –®–∞—à—Ç—ã–≥–∞–ª–∏–µ–≤–∞","last seen recently"
"340290086","Ekaterina","last seen recently"
"6005879618","–ò—Ä–∏–Ω–∞ –ê–ª–µ—à–∏–Ω–∞","last seen recently"
"739309499","Marina Lipilina","last seen recently"
"1418567635","–û–ª—è –°–∞–º–æ–¥–µ–ª–∫–∏–Ω–∞Ó©ú","last seen recently"
"174180149","–õ—é–±–æ–≤—å","last seen recently"
"1252809399","Natalia SÓ©ú","last seen recently"
"5005454680","–°–≤–µ—Ç–ª–∞–Ω–∞","last seen recently"
"500424626","–õ–µ–Ω–∞ –¢–∞—Ç–∞—Ä–∏–Ω–æ–≤–∞","last seen recently"
"48281611","–Æ–ª–∏—è –°–∞–ª–∏—Ö–æ–≤–∞Ó©ú","last seen recently"
"910937066","Anya","last seen recently"
"880601336","–ï–ª–µ–Ω–∞","last seen recently"
"1837951349","Ekaterina","last seen recently"
"142813932","–ù–∏–Ω–∞ –°–æ—Å–Ω–∏–Ω–∞","last seen recently"
"5567541748","HR –ú–ï–¢–†–ò–ö–°","last seen recently"
"5193301229","Victoria","last seen recently"
"5519053672","–ï–ª–µ–Ω–∞ –ï–ª–µ–Ω–∞","last seen recently"
"463474877","–ê–Ω–∞—Å—Ç–∞—Å–∏—è","last seen recently"
"603953336","Alyona","last seen recently"
"2009502278","Yulia Pivnenko","last seen recently"
"578817200","Alena","last seen recently"
"857665948","–°–æ–Ω—è","last seen recently"
"608473124","–î–µ–Ω–∏—Å","last seen recently"
"828335346","–î–∞—Ä—å—è","last seen recently"
"707961432","–ê–Ω–Ω–∞","last seen recently"
"2779603","Dilorom Gaipova","last seen recently"
"467856852","Kseniya Pudikova","last seen recently"
"1452998757","Aleksandra Potemkina","last seen recently"
"386035350","–ú–∞—Ä–∏—è –°–æ–ª–æ–≤—å–µ–≤–∞","last seen recently"
"573813248","–ö—Å–µ–Ω–∏—è –ë–∞–∑–∞—Ä–Ω–æ–≤–∞","last seen recently"
"977859974","Bogdan","last seen recently"
"1087048858","Julia S","last seen recently"
"366703019","Aliya Yudina","last seen recently"
"379699159","Maria","last seen recently"
"317884999","–ú–∞—Ä–∏—è","last seen recently"
"711829374","Tatyana IlinaÓ©ú","last seen recently"
"81667516","Elena","last seen recently"
"790399679","–Æ–ª–∏—è","last seen recently"
"1253619636","–ï–∫–∞—Ç–µ—Ä–∏–Ω–∞ –¶—ã–ø–∏–Ω–∞","last seen recently"
"553630948","pavuchararrr","last seen recently"
"476892152","–í–∏–∫—Ç–æ—Ä–∏—è –•–∞—Ä—å–∫–æ–≤—Å–∫–∞—è","last seen recently"
"351030434","–ï–≤–≥–µ–Ω–∏—è –°–∞–º–∞—Ä–∏–Ω–∞","last seen recently"
"1032407504","–£–ª—å—è–Ω–∞ –ù–∞–∑–∞—Ä–µ–Ω–∫–æ","last seen recently"
"445790259","Anna Rodina","last seen recently"
"158421728","Verr C","last seen recently"
"777274098","–í–∞–ª–µ–Ω—Ç–∏–Ω–∞ –¢—Ä–æ","last seen recently"
"749250510","–î–∏–Ω–∞—Ä–∞ –ö–∞—Ç–µ–µ–≤–∞","last seen recently"
"277292609","–ù–∞—Ç–∞–ª—å—è","last seen recently"
"490412514","Medeys Ro","last seen recently"
"712250586","LILIYA","last seen recently"
"626522206","Alina Nyrkhametova","last seen recently"
"856521230","üÖ¥üÜÖüÖ∂üÖ¥üÖΩüÖ∏üÜà","last seen recently"
"340289071","–ù–∞—Å—Ç—è","last seen recently"
"101944970","George","last seen recently"
"541520252","Roman Andreevich","last seen recently"
"1004578565","Marina Stein","last seen recently"
"581858307","Sasha","last seen recently"
"1308046245","–ê–Ω–∞—Å—Ç–∞—Å–∏—è –°–µ–º—ã–∫–∏–Ω–∞","last seen recently"
"5771573570","–ü–æ–ª–∏–Ω–∞ –¢–∞—Ä–∞—Å–æ–≤–∞","last seen recently"
"554254528","–û–ª—å–≥–∞ –õ–∏—Ç–≤–∏–Ω–∞","last seen recently"
"6506654517","Ïò¨Î¶º Ïú®ÎçîÏÉàÎ∏å","last seen recently"
"796955178","–ö–∞—Ç–µ—Ä–∏–Ω–∞ –ú–æ—Ä–æ–∑–æ–≤–∞","last seen recently"
"6543516819","Nikita","last seen recently"
"508594709","Inna","last seen recently"
"1848488485","–ò–≤–∞–Ω –®–µ–≤—á–µ–Ω–∫–æ","last seen recently"
"1895050801","Nailya Khanipova","last seen recently"
"52113900","Diana Keshishyan","last seen recently"
"655946327","–ò—Ä–∞ –°–∞–≤–∏—á","last seen recently"
"694061355","Daria","last seen recently"
"6381217568","–†–∞–∑–º–∏–∫","last seen recently"
"1174877352","–î–∞—Ä—å—è –ë–µ–ª–æ–≤–∞Ó©ú","last seen recently"
"57142805","–ò–Ω–Ω–∞","last seen recently"
"275807801","Tatyana Sergeevna","last seen recently"
"261314891","–≠–π–ª–∏","last seen recently"
"271606841","Nastasya","last seen recently"
"5009211105","–ù–∞—Ç–∞–ª—å—è","last seen recently"
"822597823","–õ–∏–Ω–∞","last seen recently"
"830306543","Ekaterina","last seen recently"
"441204914","–ú–∞—Ä–∏–Ω–∞ –ú–∞—à–∫–æ–≤–∞","last seen recently"
"240778250","Elizaveta Kuznetsova","last seen recently"
"222680776","Natalia Nazarova","last seen recently"
"1471109387","Kristina Kulikova","last seen recently"
"461785168","Yana","last seen recently"
"5800883019","Diana","last seen recently"
"357056462","–Æ–ª–∏—è","last seen recently"
"49910497","Lex","last seen recently"
"823872396","–ú–∏—Ö–∞–∏–ª –í–∞—Å–∏–ª—å–µ–≤","last seen recently"
"473111901","–ù–∏–Ω–∞ –ù–æ–≤–∏–∫–æ–≤–∞","last seen recently"
"1965511394","Dmitry Oskin | GetMeGit","last seen recently"
"2137820369","Mumina Al","last seen recently"
"406083961","Natalia","last seen recently"
"318326165","–ù–∏–∫–∏—Ç–∞","last seen recently"
"1110419831","–ú–∞—Ä–∏–Ω–∞","last seen recently"
"6382096689","–î–º–∏—Ç—Ä–∏–π –õ—ã—Å–µ–Ω–∫–æÓ©ú","last seen recently"
"5890878647","Tina Kholodova","last seen recently"
"6425135156","Polina Zdor","last seen recently"
"1412695277","–û–ª—å–≥–∞ –°–µ–¥—ã—Ö","last seen recently"
"1807365504","Maria Zlotnik","last seen recently"
"6313726229","Eugenia Rid","last seen recently"
"546305831","DAVID","last seen recently"
"952648846","–Æ–ª–∏—è","last seen recently"
"319623874","Katya Ch","last seen recently"
"5557107525","Evgeniia Didenko","last seen recently"
"840851245","–ù–∞—Ç–∞–ª—å—è –ì—Ä–∏—à–Ω—è–∫–æ–≤–∞","last seen recently"
"2095934290","Anna","last seen recently"
"732795116","Zulfiya","last seen recently"
"692129644","Linara Abdrakhimova","last seen recently"
"489785516","Jul Star","last seen recently"
"6519075101","–í–µ–Ω–µ—Ä–∞ –¢–∞—Ä–∞–µ–≤–∞","last seen recently"
"747404531","Anastasia Timokhina","last seen recently"
"285410575","–ú–∏—Ä–∂–∞–ª–æ–ª","last seen recently"
"1205679523","–í–∞–ª–µ–Ω—Ç–∏–Ω–∞","last seen recently"
"434202081","Alexandra","last seen recently"
"150814132","–Æ–ª–∏—è –ö–∞–º–µ–Ω–∫–æ","last seen recently"
"507788569","–ù–∞–¥–µ–∂–¥–∞ –ü–µ—Ä–æ–≤–∞","last seen recently"
"631666158","–ò–Ω–Ω–∞","last seen recently"
"6339232286","–ö—Å–µ–Ω–∏—è –ö—É–∑–Ω–µ—Ü–æ–≤–∞","last seen recently"
"621368333","Ekaterina Staritskaia","last seen recently"
"416634720","–°–≤–µ—Ç–ª–∞–Ω–∞ –ü–µ—Å—Ç–æ–≤–∞","last seen recently"
"499893667","ALexeY","last seen recently"
"577008143","–ú–∞—Ä–∏–Ω–∞ –Ø—Ä—Ü–µ–≤–∞","last seen recently"
"494133957","Sabina","last seen recently"
"5927258617","Jaromir S","last seen recently"
"506321022","T–∞—Ç—å—è–Ω–∞ –ü–∞–ª—Ç—É—Å–æ–≤–∞","last seen recently"
"610273196","Ekaterina Korsun","last seen recently"
"292255020","Polina Rudakova","last seen recently"
"6932874749","–ï–ª–µ–Ω–∞ –ö–æ–≤–∞–ª–µ–Ω–∫–æ","last seen recently"
"442287683","Maria","last seen recently"
"428009578","Natalya","last seen recently"
"459139470","–ù–∞—Ç–∞—à–∞ –†–æ—Å—Ç–æ–≤—Ü–µ–≤–∞","last seen recently"
"941217211","AnnaÓ©ú","last seen recently"
"931686126","Danila Zaichuk","last seen recently"
"1001081834","Mariya_Assa","last seen recently"
"428206870","Lily YakupovaÓ©ú","last seen recently"
"432840918","–ê–ª–∏–Ω–∞ –°–µ—Ä–µ–¥–∞","last seen recently"
"283707750","Yana Khmel","last seen recently"
"230775610","–Æ–ª–∏—è","last seen recently"
"633229749","Valeriya","last seen recently"
"135959181","–ö—Å–µ–Ω–∏—è –ö–æ–Ω—Å—Ç–∞–Ω—Ç–∏–Ω–æ–≤–∞","last seen recently"
"2076461217","–Ø–∑–∏–ª—è Tech-recruiter (–ø–æ –≤–æ–ø—Ä–æ—Å–∞–º —Å 10:00 –¥–æ 19:00)","last seen recently"
"725532290","–ï–ª–µ–Ω–∞ –ò–≤–∞–Ω–æ–≤–∞","last seen recently"
"950710787","–ê–Ω–∞—Å—Ç–∞—Å–∏—è –ì–æ–ª—É–±–µ–≤–∞","last seen recently"
"5233675825","–í–ª–∞–¥–∏–º–∏—Ä","last seen recently"
"735541715","Ô∏èNatalia_ChastovaÔ∏è HR BP/ IT&tech field,TL, headhunter","last seen recently"
"487578066","–ö—Å–µ–Ω–∏—è –¢—Ä—É–Ω–∏–Ω–∞","last seen recently"
"6911466706","–û–∫—Å–∞–Ω–∞ –•","last seen recently"
"66437758","Anna","last seen recently"
"442024689","–°–≤–µ—Ç–ª–∞–Ω–∞","last seen recently"
"810266248","Anna Bosak","last seen recently"
"1361537213","Kseniya Doronina","last seen recently"
"642061773","–í–∞—Å–∏–ª–∏–Ω–∞Ó©ú","last seen recently"
"1024313727","Alla IT Recruiter","last seen recently"
"354640669","Marie","last seen recently"
"545967645","Karry","last seen recently"
"255139206","Yulia Goretaya","last seen recently"
"5899517895","Marina HRT","last seen recently"
"942434545","Nikolya","last seen recently"
"504467714","Daria Kuki","last seen recently"
"591941666","–í–∞–ª–µ—Ä–∏—è","last seen recently"
"739634886","–í–∞–ª–µ—Ä–∏–π –ü–∞–≤–ª–æ–≤–∏—á","last seen recently"
"421702620","Olesya Valeeva","last seen recently"
"527945543","–ï–≤–≥–µ–Ω–∏—è –ë–∞—Ä—ã–µ–≤–∞","last seen recently"
"159036784","–ï–ª–µ–Ω–∞","last seen recently"
"1068895414","–ò—Ä–∏–Ω–∞Ó©ú","last seen recently"
"1719579982","Asya","last seen recently"
"643082669","Aliaksandra","last seen recently"
"69718115","Anastasiya","last seen recently"
"1472290465","Ksenia","last seen recently"
"458201784","Vera","last seen recently"
"276834758","Mikhail Krasheninnikov","last seen recently"
"5320003347","–ê–û –í–ª–∞–¥—Ö–ª–µ–±","last seen recently"
"5123021810","–í–∏–∫–∞","last seen recently"
"415510934","Olga Kharitonova","last seen recently"
"434441035","Vera HR BP","last seen recently"
"1841517548","Victoria Huber","last seen recently"
"872393438","–ò—Ä–∏–Ω–∞ –ü–æ–ø–æ–≤–∞","last seen recently"
"1002574133","Natalia","last seen recently"
"579710178","Alexander LevinÓ©ú","last seen recently"
"115308202","Irina Khokhlova","last seen recently"
"5934959951","NarimanÓ©ú","last seen recently"
"238278593","Kate Suvorova","last seen recently"
"696626422","DariaÓ©ú","last seen recently"
"366619779","Nataliia Zubenko","last seen recently"
"1377199411","Olessia Tulnikova","last seen recently"
"5421626739","Vlada Kondrateva","last seen recently"
"718633015","–î–∞—Ä—å—è –ì–æ–ª—å–¥–µ–Ω–±–µ—Ä–≥","last seen recently"
"6429986043","–õ–∏–ª–∏—Ç","last seen recently"
"39120906","Elvina Seyd","last seen recently"
"6591578891","–û–ª–µ—Å—è –¢—É–ª—å–Ω–∏–∫–æ–≤–∞","last seen recently"
"1078584648","–ú–∞—Ä–∏—è –°—Ç–æ–ª–æ–≤–∞—è","last seen recently"
"6685138073","–ù–∞—Ç–∞–ª—å—è","last seen recently"
"355017064","Elmira Egorova","last seen recently"
"860394785","Alla Zimina","last seen recently"
"406980722","Viktoria","last seen recently"
"528239768","Julia Shkolina","last seen recently"
"340831845","Olga","last seen recently"
"327133869","Alexandra Sha","last seen recently"
"645426566","–ê–Ω–Ω–∞","last seen recently"
"265043405","LeonidÓ©ú","last seen recently"
"76162974","Yury Abdullin","last seen recently"
"900966061","–ê–ª–µ–∫—Å–∞–Ω–¥—Ä–∞ –ö–æ–Ω–Ω–æ–≤–∞","last seen recently"
"1667567666","–ê–ª–∏–Ω–∞","last seen recently"
"1489907107","Yulia Nasyrova","last seen recently"
"6184604214","–ï–∫–∞—Ç–µ—Ä–∏–Ω–∞ –°–º–∏—Ä–Ω–æ–≤–∞","last seen recently"
"230986506","Sasha Kiseleva","last seen recently"
"304529785","–ï–∫–∞—Ç–µ—Ä–∏–Ω–∞ –ù–∞—É–º–æ–≤–∞","last seen recently"
"423955256","Galya","last seen recently"
"386807506","Ekaterina","last seen recently"
"548133345","–í–∏–∫—Ç–æ—Ä–∏—è –Ø–Ω–∫–æ–≤–∞","last seen recently"
"794768477","–û–∫—Å–∞–Ω–∞","last seen recently"
"441433886","–ú–∏–ª–∞–Ω–∞","last seen recently"
"421811052","Dimax1992","last seen recently"
"731936203","Mramza ‚Ä¢","last seen recently"
"1247235001","Alina","last seen recently"
"6297491140","–°–æ—Ñ—å—è","last seen recently"
"41035139","Fatima","last seen recently"
"761227820","Lisa KalmykovaÓ©ú","last seen recently"
"77432369","–ê–Ω–¥—Ä–µ–π –ö—Ä–∞–≤—á–µ–Ω–∫–æ","last seen recently"
"906425728","Tanya Jashan","last seen recently"
"262610087","anya","last seen recently"
"1728118401","–ê–Ω–Ω–∞","last seen recently"
"581507209","–ê–Ω–∞—Å—Ç–∞—Å–∏—è –ü–∞–Ω–∫—Ä–∞—à–∏–Ω–∞","last seen recently"
"587248144","–°–µ—Ä–≥–µ–π –ò—Å–∞–∫–æ–≤ : crmnko.ru","last seen recently"
"394957172","Valeria Selezneva","last seen recently"
"1101099371","–î–º–∏—Ç—Ä–∏–π –¢–æ–∫–∞—Ä–µ–≤","last seen recently"
"364194268","Lana Pronina","last seen recently"
"296121353","–õ–∏–∑–∞ –ß–µ—Ä–Ω—ã—à–µ–≤–∞","last seen recently"
"460504882","–ê–ª—ë–Ω–∞","last seen recently"
"5631860542","ITSelect","last seen recently"
"489788501","–ê–Ω–∞—Å—Ç–∞—Å–∏—è –£—Ç–∫–∏–Ω–∞","last seen recently"
"5233233663","Sergei Ilin","last seen recently"
"555838306","–ö—Ä–∏—Å—Ç–∏–Ω–∞","last seen recently"
"1296040265","Ludmila","last seen recently"
"205243839","Sofiia","last seen recently"
"5681500780","Deactivated","last seen recently"
"597386624","Olga GerasimovaÓ©ú","last seen recently"
"457666445","–ï–≤–≥–µ–Ω–∏—è","last seen recently"
"361732903","–ú–∞—Ä–∏—è –ï–≤—Ç–µ–µ–≤–∞","last seen recently"
"396583285","–í–∏–∫—Ç–æ—Ä–∏—è –ú–∞–ª–µ—Ü–∫–∞—èÓ©ú","last seen recently"
"484034972","Natali","last seen recently"
"205155473","Irina Go","last seen recently"
"1022768500","–¢–∞–º–∞—Ä–∞ –î–µ–Ω–∏—Å–∫–æ–≤–∞","last seen recently"
"41147371","Vikentius","last seen recently"
"396589821","Kristina Zhdan","last seen recently"
"382999762","–î–∞—Ä–∏–Ω–∞","last seen recently"
"721452664","Elizaveta Sokolova","last seen recently"
"317021945","Lvova LenaÓ©ú","last seen recently"
"735968476","–†–∞–º–∏–ª—è –¢–∏–º—É—Ä—à–∏–Ω–∞","last seen recently"
"1793879646","–ï–ª–µ–Ω–∞","last seen recently"
"5025855859","Xenia Andreeva","last seen recently"
"521808221","–ï–≥–æ—Ä","last seen recently"
"6240200315","Anastasiia Loskutova","last seen recently"
"506312823","–í–∏–∫–∞","last seen recently"
"236373354","Elvir–∞ Nurmieva | –ü–æ–¥–±–æ—Ä –ø–µ—Ä—Å–æ–Ω–∞–ª–∞","last seen recently"
"1688973222","Elena LvovaÓ©ú","last seen recently"
"2012337451","Dmitry HR GNIVC","last seen recently"
"6482784757","–ü–æ–ª–∏–Ω–∞","last seen recently"
"413441262","–Ø–Ω–∞","last seen recently"
"655129178","Olga Pilates","last seen recently"
"5225464061","Maria","last seen recently"
"1474929481","–ê–Ω–∞—Å—Ç–∞—Å–∏—è –ù–æ—Å–æ–≤–∞ Ó©ú","last seen recently"
"287863401","Natalia N","last seen recently"
"5266237257","Marina IT recruiterÓ©ú","last seen recently"
"317519642","–î–∏–∞–Ω–∞ –ü–∞–Ω–∞—Ä–∏–Ω–∞","last seen recently"
"1108886649","–û–ª—å–≥–∞ –ö–æ—Ç–æ–≤–∞","last seen recently"
"1977037589","Elvira Rodina","last seen recently"
"341238812","–í–∏–∫—Ç–æ—Ä–∏—è –õ–∞–±–µ—Ü–∫–∞—è","last seen recently"
"645880271","–Æ–ª–∏—è –°–≤—è—Ç–æ–≤–∞","last seen recently"
"440344464","Daria","last seen recently"
"1598487935","–ù–∏–∫–∞","last seen recently"
"1209254387","–ï–≤–≥–µ–Ω–∏–π –í–∞–∫–∞–Ω—Å–∏–∏ –†–ö, –°–ù–ì","last seen recently"
"5993264560","–ü–∞–≤–µ–ª","last seen recently"
"1809286898","–ö–∞—Ç–µ—Ä–∏–Ω–∞ HR","last seen recently"
"363952296","Ivan Zolotarev","last seen recently"
"405827928","–°–æ—Ñ—å—è","last seen recently"
"917983609","–î–∞–Ω–∏—è","last seen recently"
"897905288","–ê–Ω–∞—Å—Ç–∞—Å–∏—è","last seen recently"
"520692542","Valeriya Kolodeznaya","last seen recently"
"581327144","Dasha","last seen recently"
"769623909","–Æ–ª–∏—è –ì—Ä–µ–±–µ–Ω–Ω–∏–∫–æ–≤–∞","last seen recently"
"619538059","HR partner | –ù–∞—Ç–∞–ª—å—è –ù–∞–∑–∞—Ä–æ–≤–∞Ó©ú","last seen recently"
"549059542","–ê–Ω–Ω–∞ –í–∞–ª–∏–µ–≤–∞","last seen recently"
"1486586908","–ï–≤–≥–µ–Ω–∏—è –ú–∞–∫–∞—Ä–æ–≤–∞","last seen recently"
"1322668864","Anastasia Abazovik","last seen recently"
"496090128","Alina","last seen recently"
"234313349","–ú–∞—Ä–∏—è","last seen recently"
"1724017643","–ê–ª–µ–∫—Å–∞–Ω–¥—Ä –ë—É–¥—è–Ω—É","last seen recently"
"532301872","–ê–Ω–Ω–∞","last seen recently"
"899721298","–ê–Ω–Ω–∞ –ü–æ–ø–æ–≤–∞","last seen recently"
"5384857193","Tatiana Kleshnina","last seen recently"
"524089811","–ê–Ω–¥—Ä–µ–π –ú–∏–º–µ–µ–≤","last seen recently"
"338528300","Julia Pavlova","last seen recently"
"1619733847","–û–ª—å–≥–∞ –í–µ—Ä—Ö–æ–ª–∞–Ω—Ü–µ–≤–∞","last seen recently"
"359073938","–ê–Ω–Ω–∞","last seen recently"
"504113626","–õ–∏—Ç–≤–∏–Ω–æ–≤–∞ –ù–∞—Ç–∞–ª—å—è","last seen recently"
"592960025","Daria","last seen recently"
"1285670795","–ù–∞—Ç–∞–ª—å—è –°–∞–≤–µ–ª—å–µ–≤–∞","last seen recently"
"823618071","Sasha Kurlova","last seen recently"
"5696614362","Eva Snigireva","last seen recently"
"6753530882","–≠–ª—è –ó–∞—Ä–∏–ø–æ–≤–∞ Mentor4HR","last seen recently"
"6886971375","Julie","last seen recently"
"347499524","Marina Vasiltsova","last seen recently"
"1003595368","Nadezhda","last seen recently"
"414352945","Yuliya Korzhovnik","last seen recently"
"645455539","Alex","last seen recently"
"6646154061","–ê–Ω–∞—Å—Ç–∞—Å–∏—è –¢–µ—Ä–µ—Ö–æ–≤–∞","last seen recently"
"201535703","Lissova","last seen recently"
"835954287","Svetlana","last seen recently"
"1876600927","Sonya","last seen recently"
"1066613153","Mariya","last seen recently"
"5134676470","Myron","last seen recently"
"370941924","–°–æ–Ω—è –ö—ÉÃÅ–º–∏–Ω–æ–≤–∞","last seen recently"
"7140658754","Artem","last seen recently"
"105581831","Victoria","last seen recently"
"5401207647","Mik–µ","last seen recently"
"6298887252","Kristina HR","last seen recently"
"876287666","Maria","last seen recently"
"6419087212","–ù–∞—Ç–∞–ª—å—è –ö–∞—Ä–∫–∞–≤–∏–Ω–∞","last seen recently"
"460439385","–í–∏–∫—Ç–æ—Ä–∏—è –ú–µ–ª—å–Ω–∏–∫–æ–≤–∞","last seen recently"
"7105087287","–¢–∞—Ç—å—è–Ω–∞","last seen recently"
"684047055","Daria Beliakova HR","last seen recently"
"286663546","Elvira Sayar","last seen recently"
"66956600","Natalia Polkovnikova","last seen recently"
"493663494","–ï–∫–∞—Ç–µ—Ä–∏–Ω–∞ –¢–∞—Ä–∞–Ω","last seen recently"
"1010804891","Eugenia Antonceva","last seen recently"
"756735908","Kltrm","last seen recently"
"825619131","Artur","last seen recently"
"95486761","Anna AtroshkinaÓ©ú","last seen recently"
"367886217","–Æ—Ä–∏–π –ë—É—Ä–∫–æ–≤ | –ö–∞—Ä—å–µ—Ä–Ω—ã–π –∫–æ–Ω—Å—É–ª—å—Ç–∞–Ω—Ç","last seen recently"
"1318663782","–ê–Ω–∞—Å—Ç–∞—Å–∏—è –®–∏—à–∫–∏–Ω–∞","last seen recently"
"743493708","–ò—Ä–∏–Ω–∞","last seen recently"
"768211085","OK","last seen recently"
"942279887","–í–∏—Ç–∞–ª–∏–π –ù–∞–≥–æ—Ä–Ω—ã–π","last seen recently"
"817114373","Aina Gabbasova","last seen recently"
"949886790","–Æ–ª–∏—è","last seen recently"
"193127494","–°–µ—Ä–≥–µ–π –ù–µ—Å—Ç–µ—Ä–æ–≤–∏—áÓ©ú","last seen recently"
"453266902","–ê–Ω–Ω–∞ –¢–∫–∞—á–µ–≤–∞","last seen recently"
"374431630","Alesya","last seen recently"
"422452784","–û–ª—å–≥–∞ –ê–≥–∞—Ñ–∏—Ü–∞","last seen recently"
"961486763","IITHR_Mari","last seen recently"
"675332433","–ù–∞—Ç–∞–ª–∏—è –ü–æ–ª—è–Ω—Å–∫–∞—è","last seen recently"
"2064351857","Olga","last seen recently"
"1433101031","Darya Barskaya","last seen recently"
"7308044310","–î–∞—Ä—å—è HR","last seen recently"
"536917207","Veronika","last seen recently"
"957845829","Hella","last seen recently"
"663706944","Anna","last seen recently"
"881992857","–ö–æ–∑–ª–æ–≤–∞ –ê–ª—ë–Ω–∞","last seen recently"
"383751200","Timur Novopashin","last seen recently"
"1234194961","Irina Saharova","last seen recently"
"388823755","Konstantin","last seen recently"
"1000520962","Juli Tsegelnaya","last seen recently"
"184196590","–ï–ª–∏–∑–∞–≤–µ—Ç–∞","last seen recently"
"899053062","Mari√©","last seen recently"
"87233809","Julia","last seen recently"
"913714402","Valentina","last seen recently"
"928355129","–ö–∞—Ç–µ—Ä–∏–Ω–∞","last seen recently"
"898776054","–ê–ª–µ–∫—Å–µ–µ–≤ –í–ª–∞–¥–∏–º–∏—Ä","last seen recently"
"618602960","–í–∞–ª–µ—Ä–∏—è –ö–∞—à–∞–ø–æ–≤–∞","last seen recently"
"869183267","TomaÓ©ú","last seen recently"
"5936173714","–ê–Ω–Ω–∞","last seen recently"
"1054159936","Olga","last seen recently"
"931666112","–ï–∫–∞—Ç–µ—Ä–∏–Ω–∞","last seen recently"
"949922395","Amsterdam","last seen recently"
"128594424","Diana Bakulina","last seen recently"
"741976268","Aleksey Knuplle","last seen recently"
"860299901","Anya Belchikova","last seen recently"
"399247862","Sarvar Salyamov","last seen recently"
"904566130","Anastasia *","last seen recently"
"7461057152","System | –û—Ç–¥–µ–ª –∑–∞–±–æ—Ç—ãÓ©ú","last seen recently"
"570869565","–ê–ª–∏–Ω–∞","last seen recently"
"5236100071","Ekaterina","last seen recently"
"78426563","R R","last seen recently"
"771523957","–ú–∞—Ä–≥–æ","last seen recently"
"757290317","Polina ShebarshovaÓ©ú","last seen recently"
"607421283","–ö–∞—Ä–∏–Ω–∞","last seen recently"
"1190527028","–ï–ª–µ–Ω–∞","last seen recently"
"941445575","Maria Dudnik","last seen recently"
"481807223","Ivan Anisimov","last seen recently"
"797496768","–ê–Ω–¥—Ä–µ–π","last seen recently"
"288775517","–ú–∞—Ä–∏—è","last seen recently"
"968039620","–í–∏–∫—Ç–æ—Ä–∏—è –ë–∞–Ω–Ω—ã—Ö","last seen recently"
"5168256972","Marina Petrova","last seen recently"
"971770977","Nozima","last seen recently"
"1062883785","–î–∏–∞–Ω–∫–∞","last seen recently"
"1679435385","Anastasia","last seen recently"
"228012403","Sevara Zinnurovna","last seen recently"
"675788879","Lina","last seen recently"
"636802802","–õ–∏–∫–∞","last seen recently"
"1256570845","Evgenia Belozerova","last seen recently"
"1138373727","Evgeny Kharisov","last seen recently"
"962304999","–í–∞–ª–µ—Ä–∏—è","last seen recently"
"679785080","Volha Razhnova","last seen recently"
"438354718","–ù–∏–∫–æ–ª–∞–π –§—ë–¥–æ—Ä–æ–≤","last seen recently"
"958033793","Gontsova Maria","last seen recently"
"1747505782","Frhmie","last seen recently"
"692172696","–Æ–ª–∏—è –û—Ä–µ—â–µ–Ω–∫–æÓ©ú","last seen recently"
"6222611891","Denis Sedov","last seen recently"
"632911182","Elvina HR","last seen recently"
"1961897458","–°–∞—à–∞ –ö—É–ª–∏–∫–æ–≤–∞","last seen recently"
"743008576","Julia","last seen recently"
"552417236","Pavel","last seen recently"
"1019838677","Roman","last seen recently"
"493728514","–Æ–ª–∏—è","last seen recently"
"926631440","–ò—Ä–∏–Ω–∞ –ö–æ–≤–∞–ª–µ–≤–∞","last seen recently"
"7756234557","–ê–ª–µ–Ω–∞ –°–µ–º–µ–Ω–¥—è–µ–≤–∞","last seen recently"
"5117052770","–ï–∫–∞—Ç–µ—Ä–∏–Ω–∞ –°–æ–ª–æ–≤—å–µ–≤–∞","last seen recently"
"392346399","Aleksandr Berdyshev","last seen recently"
"1067531797","–ê–Ω–∞—Å—Ç–∞—Å–∏—è","last seen recently"
"728455900","–≠–ª—å–≤–∏—Ä–∞ –ï—Ä–Ω–∞–∑–∞—Ä–æ–≤–∞","last seen recently"
"630225525","–ê.","last seen recently"
"6536992558","–ê–ª–µ–∫—Å–∞–Ω–¥—Ä–∞","last seen recently"
"1041789823","Lanasweet","last seen recently"
"1164222386","Anastasiya Ivanova","last seen recently"
"7806005088","–ò–≤–∞–Ω –ú","last seen recently"
"335993809","Elena Shcherbakova","last seen recently"
"1076716953","Kate","last seen recently"
"1437041823","Maya","last seen recently"
"161814664","Maxim Rozhkov","last seen recently"
"368492604","–°–∞–ª—Ç–∞–Ω–∞—Ç –ê–¥–∏–ª—å—à–∞–µ–≤–∞","last seen recently"
"368729064","Polina Gavrilova","last seen recently"
"5891128312","Valentina","last seen recently"
"292485859","–Æ–ª–∏—è –ß–µ—Ä–∫–∞—Å–æ–≤–∞","last seen recently"
"1224437210","–ï–∫–∞—Ç–µ—Ä–∏–Ω–∞ –ü–µ—Ä—Ñ–∏–ª–æ–≤–∞","last seen recently"
"362295338","Anastasia","last seen recently"
"381836565","–°–≤–µ—Ç–ª–∞–Ω–∞ –ñ–µ—Ä–Ω–∞–∫–æ–≤–∞","last seen recently"
"551196882","–û–ª—å–≥–∞","last seen recently"
"784288041","–ï–ª–∏–∑–∞–≤–µ—Ç–∞ –ö—É–≥–∞–µ–≤—Å–∫–∞—è","last seen recently"
"513397597","Tatiana Kopylova","last seen recently"
"360433503","Olga Podlesnaya","last seen recently"
"236528116","–¢–∞–Ω—è –î–µ—Ä–≥–∞–π","last seen recently"
"350148135","Stanislau","last seen recently"
"455483118","–Æ–ª–∏—è –ú–æ–∏—Å–µ–µ–≤–∞-–Æ–¥–æ","last seen recently"
"232009902","Daria Trojan","last seen recently"
"195985409","Maria","last seen recently"
"229314846","–ï–ª–∏–∑–∞–≤–µ—Ç–∞","last seen recently"
"474334963","Helga","last seen recently"
"5238718538","–°–≤–µ—Ç–ª–∞–Ω–∞","last seen recently"
"896046055","–ù–∞—Ç–∞–ª–∏—è –°–∏–¥–µ–ª—å–Ω–∏–∫–æ–≤–∞Ó©ú","last seen recently"
"101031575","–ï–∫–∞—Ç–µ—Ä–∏–Ω–∞ –ü–µ–ª–∞–≥–µ–∏—á–µ–≤–∞","last seen recently"
"506750474","–í–∏–∫—Ç–æ—Ä–∏—èÓ©ú","last seen recently"
"276711535","DariaÓ©ú","last seen recently"
"523441831","–ê–ª–µ—Å—è","last seen recently"
"5528122139","–í–∏–æ–ª–µ—Ç—Ç–∞","last seen recently"
"180536577","YuriyÓ©ú","last seen recently"
"1008216806","–ú–∞—Ä–∏—è –ì—Ä–∏–≥–æ—Ä—å–µ–≤–∞Ó©ú","last seen recently"
"531494139","–ê–Ω—Ç–æ–Ω","last seen recently"
"4294901","Ivan","last seen recently"
"632385559","–°–æ—Ñ—å—è –§–∞—Ä—Ö—É—Ç–¥–∏–Ω–æ–≤–∞","last seen recently"
"499339640","–û–ª—å–≥–∞ –°–º–æ–ª–∏–∫–æ–≤–∞","last seen recently"
"621260739","Anna Tikhonova","last seen recently"
"785898058","Liza Knyazeva","last seen recently"
"874525606","Natali Tsarkova","last seen recently"
"7025853215","Less Recr","last seen recently"
"882564090","Hanna","last seen recently"
"441165393","–ö—Å–µ–Ω–∏—è","last seen recently"
"435713141","–ö–∞—Ä–∏–Ω–∞","last seen recently"
"721891634","AnnaÓ©ú","last seen recently"
"537009985","Olesya Gudeeva","last seen recently"
"497236283","Diana","last seen recently"
"5128618838","Elena Nekrasova","last seen recently"
"218543108","–ò—Ä–∏–Ω–∞ –ï–≥–æ—Ä–æ–≤–∞","last seen recently"
"379335875","–î–∏–∞–Ω–∞ –î–∞–≤–ª—è–Ω–æ–≤–∞","last seen recently"
"5765470382","–ú–∞–∫—Å–∏–º –ñ—É–∫–æ–≤Ó©ú","last seen recently"
"173605199","PolinaÓ©ú","last seen recently"
"1013467193","Tatyana Yakovleva","last seen recently"
"1774293618","Polina","last seen recently"
"257315349","–ù–∞—Ç–∞–ª–∏—è","last seen recently"
"5039565714","olimov.","last seen recently"
"753763915","–ñ–∞—Ä–∏–Ω–æ–≤–∞ –ï–∫–∞—Ç–µ—Ä–∏–Ω–∞Ó©ú","last seen recently"
"729895197","–ó–æ—è","last seen recently"
"255718730","Mikhail SolovevÓ©ú","last seen recently"
"418608574","Sofiya Hilchik","last seen recently"
"772489737","Elena Kurkina","last seen recently"
"7693285444","Elena Kurkina","last seen recently"
"796315170","Valeriya Kolosovskaya","last seen recently"
"364038629","Andrei","last seen recently"
"502862680","Anton","last seen recently"
"1784165785","Laura TaniyaÓ©ú","last seen recently"
"447789144","–ö—Ä–∏—Å—Ç–∏–Ω–∞ –ü–µ—Ç—Ä–µ–Ω–∫–æ","last seen recently"
"684520330","–ü–æ–ª–∏–Ω–∞","last seen recently"
"6460600001","–í–∏–∫—Ç–æ—Ä–∏—è –ê—Ñ–∞–Ω–∞—Å—å–µ–≤–∞ –†–µ–∫—Ä—É—Ç–µ—Ä","last seen recently"
"580538783","–ö–∞—Ä–∏–Ω–∞","last seen recently"
"272549094","Alina Orlova-Araslanova","last seen recently"
"259964525","–ê–ª–µ–∫—Å–µ–πÓ©ú","last seen recently"
"1296295010","–†–∏—Ç–∞.–ê  HR","last seen recently"
"1492675261","–ï–ª–µ–Ω–∞ –ö—É–∑–Ω–µ—Ü–æ–≤–∞","last seen recently"
"1100698584","–Æ–ª–∏—è","last seen recently"
"1367484718","Yulia Semenova","last seen recently"
"1194328551","–Ø–Ω–∞ IT-recruiter","last seen recently"
"5139983081","–Æ–ª–∏—è –•–ª—ã–∑–æ–≤–∞ ‚Ä¢ HR","last seen recently"
"7997716223","–ê—Ä—Ç—ë–º –¢–∞—Ä–Ω–æ–≥–æ—Ä–æ–¥—Å–∫–∏–π","last seen recently"
"6357045501","Alena Karp","last seen recently"
"1244520754","–ê–ª–µ–∫—Å–µ–π","last seen recently"
"735932164","–ö—Å–µ–Ω–∏—è –°–∞–¥—á–∏–∫–æ–≤–∞","last seen recently"
"636471750","Ekaterina Petkun (GMT+1)","last seen recently"
"7794035714","–ê–Ω–∞—Å—Ç–∞—Å–∏—è","last seen recently"
"802991485","–ê–Ω—è","last seen recently"
"819044924","–ê–ª–µ–∫—Å–∞–Ω–¥—Ä–∞","last seen recently"
"505260218","Chayaana","last seen recently"
"1005434209","Tatiana","last seen recently"
"7540474647","–ù–∞—Ç–∞–ª–∏","last seen recently"
"458924130","–≠–¥—É–∞—Ä–¥ –ö–∞—Ä–∏–º–æ–≤","last seen recently"
"651384143","–í–∏–∫—Ç–æ—Ä–∏—è","last seen recently"
"756115006","Aida_HR","last seen recently"
"5709570977","Anna","last seen recently"
"577725090","Karina","last seen recently"
"886794356","–í–∞–ª–µ–Ω—Ç–∏–Ω–∞ –°–µ–π–Ω–æ–≤–∞","last seen recently"
"162473518","–°–≤–µ—Ç–ª–∞–Ω–∞ –ó–∞—Ä–µ—Ü–∫–∞—è","last seen recently"
"1328252523","Olg–∞ Naumova","last seen recently"
"5450505397","Vera","last seen recently"
"368829198","ùì•ùì™ùìªùìøùì™ùìªùì™ ùìòùìµùì≤ùì∑ùì™","last seen recently"
"888096593","–ì–æ–Ω—á–∞—Ä–æ–≤–∞ –ê–Ω–Ω–∞","last seen recently"
"1444761279","–Æ–ª–∏—è","last seen recently"
"860093176","PolinaÓ©ú","last seen recently"
"284442838","Olesia","last seen recently"
"826993545","–í–∏–∫—Ç–æ—Ä–∏—è –ö—É–ª—å–Ω–µ–≤–∞","last seen recently"
"7084797836","–ï–ª–µ–Ω–∞ –õ—ã—Å–µ–Ω–∫–æ","last seen recently"
"248011152","–û–ª—å–≥–∞ –ü–æ–∑–¥–Ω—è–∫","last seen recently"
"5730231648","Viktoria_Lebedeva_HRÓ©ú","last seen recently"
"452062927","Anastasia Vishnyakova","last seen recently"
"975375922","Marta","last seen recently"
"6311476461","–ê–ª–µ–∫—Å–∞–Ω–¥—Ä–∞","last seen recently"
"934581223","–ù–∞–¥–µ–∂–¥–∞","last seen recently"
"275509538","Galya","last seen recently"
"437997432","Valerya","last seen recently"
"6916645053","–ù–∏–∫–æ–ª–∞–µ–≤—Å–∫–∏–π","last seen recently"
"463657490","–ê–ª–µ–∫—Å–∞–Ω–¥—Ä–∞","last seen recently"
"101777210","Anna Belfer (Ermolaeva)Ó©ú","last seen recently"
"1650605480","–ú–∞—Ä–∏—è –ê—Ç–∞–Ω–∞—Å–æ–≤","last seen recently"
"868860463","Irine Davydzik","last seen recently"
"712325654","SDB_1408Ó©ú","last seen recently"
"198841279","–ú–∞—Ä–∏—è –®—É–≤–∞–ª–æ–≤–∞","last seen recently"
"953836433","–ú–∞—Ä–∏–Ω–∞ –ß–∏—Å—Ç—è–∫–æ–≤–∞","last seen recently"
"995154466","GurandaÓ©ú","last seen recently"
"477419659","–ï–∫–∞—Ç–µ—Ä–∏–Ω–∞ –ö—É–∑–Ω–µ—Ü–æ–≤–∞","last seen recently"
"54057736","–°–µ—Ä–≥–µ–π –°–∞–º–æ–π–ª–æ–≤","last seen recently"
"190440175","Korotova Julia","last seen recently"
"459592746","Anastasia","last seen recently"
"101934592","–î–∞—Ä—å—è –°–∞–ª–∏–µ–≤–∞","last seen recently"
"1214108372","–û–ª—å–≥–∞ –î—É–±–æ–≤—Å–∫–∞—è","last seen recently"
"374250163","Anastasiya Demihova","last seen recently"
"143041510","Diana Bogdanova","last seen recently"
"1216762115","–ï–≤–≥–µ–Ω–∏—è –ü–µ–π—Ä–∞–∫","last seen recently"
"1282268779","–ê–Ω–Ω–∞","last seen recently"
"634268781","Maria","last seen recently"
"421632942","Elizaveta Barsukova","last seen recently"
"813102171","Ksenia Mihalovna","last seen recently"
"5485732174","–ê–ª—ë–Ω–∞ –°–µ—Ä–≥–µ–µ–≤–Ω–∞","last seen recently"
"1621603363","Elena","last seen recently"
"1409578908","Ksenya Zhigaalina","last seen recently"
"5164249860","–ò—Ä–∏–Ω–∞ –í–∞—Å–∏–ª—å–µ–≤–∞Ó©ú","last seen recently"
"483580210","–î–∞–Ω–∏–∏–ª –î–∞–Ω–∏–ª–æ–≤","last seen recently"
"715064350","–≠–ª–∏–Ω–∞","last seen recently"
"7711534886","Maria","last seen recently"
"500072466","Dina","last seen recently"
"388603729","Elena Gola","last seen recently"
"264156664","Elena Skvortsova","last seen recently"
"942407505","–ù–∞–¥–µ–∂–¥–∞ –¢—é—Ç–∏–Ω–∞","last seen recently"
"1299687602","–ï–∫–∞—Ç–µ—Ä–∏–Ω–∞","last seen recently"
"486203206","–ê–ª–∏–Ω–∞","last seen recently"
"281791423","Karina Strelkova","last seen recently"
"5221613953","Liliya Feoktistova","last seen recently"
"991343666","–ú–∞—Ä–∏–Ω–∞","last seen recently"
"924502348","Marina Suh","last seen recently"
"192292246","Mirika","last seen recently"
"307462755","Aygul","last seen recently"
"210915154","–í–∞–ª–µ–Ω—Ç–∏–Ω–∞ –ö–∏—Ä–∏–Ω–∞","last seen recently"
"596374229","Natalia Uliskova","last seen recently"
"1041829628","–ï–∫–∞—Ç–µ—Ä–∏–Ω–∞","last seen recently"
"471674418","Alex","last seen recently"
"922579588","–õ–∏–Ω–∞","last seen recently"
"902348820","Valeriya Ridchenko","last seen recently"
"489368834","–ú–∞—Ä–∏—è –î–º–∏—Ç—Ä–∏–µ–≤–Ω–∞","last seen recently"
"1315515275","Evgeniy","last seen recently"
"114412172","Anna","last seen recently"
"282422685","–ï–ª–∏–∑–∞–≤–µ—Ç–∞","last seen recently"
"785700098","Anna","last seen recently"
"549363906","–ê–ª–µ–∫—Å–∞–Ω–¥—Ä–∞","last seen recently"
"553674107","–ü–æ–ª–∏–Ω–∞","last seen recently"
"1711465099","Natalya","last seen recently"
"1324333937","–í–∞–ª–µ—Ä–∏—è –°—Ç–æ—è–Ω–æ–≤—Å–∫–∞—è","last seen recently"
"7805983127","Polya_Datagile","last seen recently"
"5199012456","–ê–ª–∏–Ω–∞","last seen recently"
"201420318","–ú–∞—Ä–≥–∞—Ä–∏—Ç–∞ –ü","last seen recently"
"2300336","–ê–ª–µ–∫—Å–∞–Ω–¥—Ä –ü–µ—Ç—Ä—É—à–∫–∏–Ω","last seen recently"
"252826479","Svetlana Lomonova","last seen recently"
"147061786","Iryna Fedartsova","last seen recently"
"604210973","–¢–∞—Ç—å—è–Ω–∞Ó©ú","last seen recently"
"709730663","Angelina","last seen recently"
"6295138602","–î–∏–Ω–∞","last seen recently"
"119210152","Evgeniya","last seen recently"
"480877104","Anna Novichkova","last seen recently"
"1079088538","Galina","last seen recently"
"146258228","–ù–∞—Ç–∞–ª—å—è –õ–∞–≤—Ä–æ–≤–∞-–£–¥–∞–ª–æ–≤–∞","last seen recently"
"101654447","Grigorjeva Zhanna","last seen recently"
"1012551724","–ú–∞—Ä–∏—è","last seen recently"
"967251157","–ù–∞—Ç–∞—à–∞ –ß–µ—Ö","last seen recently"
"592958192","Anastasia","last seen recently"
"267358537","Lena","last seen recently"
"7368863096","IT Recruiter","last seen recently"
"495962674","Gulgin","last seen recently"
"784538796","Ekaterina Litvinova","last seen recently"
"957166738","Tatiana BodrukhinaÓ©ú","last seen recently"
"1338633951","–ê–Ω–∞—Å—Ç–∞—Å–∏—è –ù–æ–≤–∏—Ü–∫–∞—è","last seen recently"
"457781709","–í–∏–∫—Ç–æ—Ä–∏—è –ù–µ–≥–∞—Ä–∞","last seen recently"
"826567261","NataliÓ©ú","last seen recently"
"444552036","Evgenia KulikovaÓ©ú","last seen recently"
"385101843","–°–≤–µ—Ç–ª–∞–Ω–∞ –ò–≤—á–µ–Ω–∫–æ","last seen recently"
"882045234","–ê—Ä–∏–Ω–∞","last seen recently"
"452099875","–í–∏–∫—Ç–æ—Ä–∏—è –ë–∞–ª–∞–∫","last seen recently"
"853665540","Anna","last seen recently"
"7835831662","–Æ–ª–∏—è","last seen recently"
"861226227","Julia","last seen recently"
"283850875","–°–µ—Ä–≥–µ–π –ù–æ—Å–æ–≤Ó©ú","last seen recently"
"376379448","Ekaterina HR","last seen recently"
"89903068","Katerina Sokol","last seen recently"
"929234978","–í–∏–∫—Ç–æ—Ä–∏—è","last seen recently"
"922372500","Irina","last seen recently"
"5330668559","–û–ª–µ—Å—è –ñ—É–∫–æ–≤—Å–∫–∞—è","last seen recently"
"322534395","Maria","last seen recently"
"798253675","Valeria Sheina","last seen recently"
"229616006","–ì–∞–ª–∏–Ω–∞","last seen recently"
"7457925664","–ê–ª–µ–∫—Å–∞–Ω–¥—Ä","last seen recently"
"749601037","Ekaterina","last seen recently"
"1614652020","Nastia  Spatarenko","last seen recently"
"1609901484","Nikita Seleznev","last seen recently"
"440972859","–õ—É–∏–∑–∞","last seen recently"
"279182816","Anton Chichvarin","last seen recently"
"315461680","Danil Abdulov","last seen recently"
"6319103075","Ellie","last seen recently"
"293065079","Julia Rafalski","last seen recently"
"405723178","Y√∫lia HR","last seen recently"
"6259369876","Ekaterina Recruiter","last seen recently"
"700742553","–ö—Ä–∏—Å—Ç–∏–Ω–∞Ó©ú","last seen recently"
"862719052","Kuturmazova Diana","last seen recently"
"6320567065","–ê–ª–µ–Ω–∞","last seen recently"
"1942288211","Aleksandra Pismennaya","last seen recently"
"376185813","–ï–∫–∞—Ç–µ—Ä–∏–Ω–∞ –°–æ–∫–æ–ª–æ–≤–∞","last seen recently"
"1204902426","Maksim Aleksandrov","last seen recently"
"123675841","July Mmv","last seen recently"
"6051442033","L_i_n_a HRBP","last seen recently"
"388652720","Irina P","last seen recently"
"376449693","Anastasiia UsoltsevaÓ©ú","last seen recently"
"684900432","–ú–∞—Ä–∏—è","last seen recently"
"289524079","Tatiana Bogoslovskaia","last seen recently"
"359196052","–§–∏–¥–∞–ª–∏—è","last seen recently"
"189934198","–ì—É–ª—å–Ω–∞–∑","last seen recently"
"500765139","–ö—Ä–∏—Å—Ç–∏–Ω–∞ –®–µ–Ω–≤–∞–ª—å–¥","last seen recently"
"646423471","Julia S","last seen recently"
"451739737","Valeria  Volotkevich | IT Recruiter Hiring","last seen recently"
"81336639","Tatsiana Davydenko","last seen recently"
"1208570934","Ekaterina NesterovaÓ©ú","last seen recently"
"686711260","[ Daria ]","last seen recently"
"60454491","Kartashova Anastasiia","last seen recently"
"318782606","Marina Shevchenko","last seen recently"
"365959657","Maria Glyzova","last seen recently"
"555202465","Svetlana Karpova","last seen recently"
"141917643","Marina Paych","last seen recently"
"1191725806","–ë—ç–ª–ª–∞ –Æ—Å—É–ø–æ–≤–∞","last seen recently"
"5260571355","–î–∞—è–Ω–∞ –°–µ–∫—Å–µ–Ω–±–∞–µ–≤–∞","last seen recently"
"616953803","–Æ–ª–∏—è –ê–¥–µ–ª–∏—è HRD Colibrix one","last seen recently"
"1404329630","–ê–ª–µ–∫—Å–∞–Ω–¥—Ä–∞Ó©ú","last seen recently"
"399038296","–Æ–ª–∏—è –õ–µ–∂–∞–Ω–∫–∏–Ω–∞","last seen recently"
"277333538","JuliaÓ©ú","last seen recently"
"721875908","–ù–∞—Å—Ç–∞—Å—å—è","last seen recently"
"512647762","–ö–∞—Ä–∏–Ω–∞","last seen recently"
"257252789","Ekaterina","last seen recently"
"341426230","–Æ–ª–∏—è –î—ë–≥—Ç–µ–≤–∞ HR-Matcher","last seen recently"
"5847794225","–ï–ª–∏–∑–∞–≤–µ—Ç–∞ HR","last seen recently"
"1048626880","Tanzilya YangazovaÓ©ú","last seen recently"
"936012366","LeraÓ©ú","last seen recently"
"7814931658","Juli","last seen recently"
"940490364","–ú–∞—Ä–∏—è –ú–∞—Ä–∏—è","last seen recently"
"1461728077","–ï–ª–∏–∑–∞–≤–µ—Ç–∞ –ë–∞—á—É—Ä–∏–Ω–∞","last seen recently"
"1283286415","katyan","last seen recently"
"514241784","Tatiana","last seen recently"
"1207541018","–ò–≤–∞–Ω","last seen recently"
"185493927","Anna Romanova |HR | it —Ä–µ–∫—Ä—É—Ç–µ—Ä","last seen recently"
"7239471894","HR –ï–∫–∞—Ç–µ—Ä–∏–Ω–∞","last seen recently"
"791536503","–ú–∞—Ä–∏—è –õ–æ–±–∞–Ω–æ–≤–∞","last seen recently"
"5973762669","–ò—Ä–∏–Ω–∞ –†—É–¥–µ–Ω—Å–∫–∞—è","last seen recently"
"791879770","Anna S","last seen recently"
"980534761","Lusine","last seen recently"
"542089002","–°–µ—Ä–∞—Ñ–∏–º–∞","last seen recently"
"1678255497","–Ø–Ω–∞","last seen recently"
"1115989650","–ú–∞—Ä–∏–Ω–∞","last seen recently"
"1243072115","–ê–Ω–∞—Å—Ç–∞—Å–∏—è –ö–∞—Ä—Ç–∞—à–æ–≤–∞","last seen recently"
"334429178","Marina","last seen recently"
"541052773","–î–º–∏—Ç—Ä–∏–π","last seen recently"
"485545179","–ï–ª–µ–Ω–∞ –®–ª—è—Ö–æ—Ç–∞| –ö–æ—É—á|HR|","last seen recently"
"7659776292","Ekaterina","last seen recently"
"788227907","Dmitriy","last seen recently"
"633622156","Ekisenin Kirill","last seen recently"
"208997760","–†–∞–∏—Å–∞","last seen recently"
"211750986","–ê–ª—ë–Ω–∞","last seen recently"
"980462828","–ü–æ–ª—è","last seen recently"
"148860351","Sasha","last seen recently"
"8178736816","J.","last seen recently"
"940089741","–û–ª–µ—Å—è","last seen recently"
"359727643","–°–æ–Ω–∞ –ú–∞—Ä—Ç–∏—Ä–æ—Å—è–Ω","last seen recently"
"272914795","Olga","last seen recently"
"6257994608","Roma","last seen recently"
"1714048","Vladimir KobzevÓ©ú","last seen recently"
"273225146","–ú–∏–ª–∞–Ω–∞","last seen recently"
"596959723","–ì–∞–ª–∏–Ω–∞","last seen recently"
"6545135943","–°—ç–ª–º—ç–≥ | –°—ç–º","last seen recently"
"668589491","–Æ–ª–∏—è –®–∏–º–æ–ª–∏–Ω–∞","last seen recently"
"1343838482","Ms.Anastasiia","last seen recently"
"1098164279","Svetlana","last seen recently"
"223363570","–¢–∞—Ç—å—è–Ω–∞ –í–ª–∞–¥–∏–º–∏—Ä–æ–≤–∞","last seen recently"
"2111647621","Maria |","last seen recently"
"621153728","Irina Choy","last seen recently"
"1423809539","Natalia","last seen recently"
"831987227","–°–µ—Ä–≥–µ–π –ö—É–¥—Ä—è–≤—Ü–µ–≤","last seen recently"
"1728229961","Anna  –ü—Å–∏—Ö–æ–ª–æ–≥–∏—è —Å–º—ã—Å–ª–æ–≤","last seen recently"
"6821893709","–ö–∞—Ç—é—à–∫–∞","last seen recently"
"1839082985","Vlad Dmit","last seen recently"
"795652083","–í–ª–∞–¥–∏—Å–ª–∞–≤","last seen recently"
"1128129848","–ù–ß","last seen recently"
"828577050","–ö–∏—Ä–∏–ª–ª","last seen recently"
"5783407229","Dinis Gabdulmanov","last seen recently"
"232033851","Irina Perzhan","last seen recently"
"740894787","–í–∏–∫—Ç–æ—Ä–∏—è –°–æ–ª–æ–≤—å–µ–≤–∞","last seen recently"
"6659840360","M","last seen recently"
"7445031045","Nadezhda","last seen recently"
"434501926","–ì. –î–µ–Ω–∏—Å","last seen recently"
"296934952","Sviatoslav OleksivÓ©ú","last seen recently"
"565843474","–ì—Ä–∏–≥–æ—Ä–∏–π","last seen recently"
"6168086307","–í–∞–¥–∏–º","last seen recently"
"937246304","Alina","last seen recently"
"6697927178","–ö—Ä–∏—Å—Ç–∏–Ω–∞","last seen recently"
"1224167297","–í–∏–∫–∞","last seen recently"
"1838675195","–ê–Ω–Ω–∞","last seen recently"
"870359487","–¢–∞—Ç—å—è–Ω–∞","last seen recently"
"7671940687","Elizaveta K","last seen recently"
"5316805695","Anna Krylova","last seen recently"
"304852288","–®—É—à–∞–Ω–Ω–∞ –ê–≥–∞—Å–∞—Ä—è–ΩÓ©ú","last seen recently"
"1696577294","–ò–Ω–≥–∞","last seen recently"
"622856500","–ù–∞—Ç–∞–ª–∏","last seen recently"
"448205561","Gulnaz","last seen recently"
"1795240556","Anastasia Goleva (Mozgovaya)","last seen recently"
"536402215","–ê–Ω—Ç–æ–Ω–∏–Ω–∞ –§–µ–¥–∏–∫","last seen recently"
"279087261","Karine Abramyan","last seen recently"
"226090027","Yulia Fokina","last seen recently"
"146820272","Irada ^^","last seen recently"
"5151339805","Harry Kovalsky","last seen recently"
"155810054","Ekaterina","last seen recently"
"270313855","Olga Smirnova","last seen recently"
"6996603765","–ö—Å–µ–Ω–∏—è","last seen recently"
"5946399631","Milena Osipova","last seen recently"
"5168706254","Negina","last seen recently"
"544995880","–ê–ª–µ–∫—Å–∞–Ω–¥—Ä–∞","last seen recently"
"449600600","Natalia","last seen recently"
"54505243","–î–∞—Ä—å—è –ë–∞–±–∏–Ω–æ–≤–∞","last seen recently"
"1365496544","–õ–∏–ª—è","last seen recently"
"7944771643","–ê–Ω–Ω–∞ HR Lasmart","last seen recently"
"1041923027","–ï–∫–∞—Ç–µ—Ä–∏–Ω–∞ –í–∞—Ö—Ä–∞–º–µ–µ–≤–∞","last seen recently"
"8460806653","Igor Kupriyanov","last seen recently"
"488274330","–ù–∞—Ç–∞–ª—å—è","last seen recently"
"792413350","–ù–µ–ª–ª–∏ –ù–µ–ª–ª–∏","last seen recently"
"519270997","Katarina","last seen recently"
"534233961","–ê—Ä—Ç—ë–º –©—É–∫–∞","last seen recently"
"7067006693","Svetlana Melkonian","last seen recently"
"390617002","Vladislav","last seen recently"
"324129502","–û–ª—å–≥–∞ –ö–∏—Å–µ–ª–µ–≤–∞","last seen recently"
"8146546622","–í–∞—Ä–≤–∞—Ä–∞","last seen recently"
"823681161","Daria","last seen recently"
"438992465","Katy Sotnikova","last seen recently"
"265147352","Asya","last seen recently"
"789474159","–ù–∞—Ç–∞—à–∞","last seen recently"
"631405634","Darya","last seen recently"
"918741405","–ú–∞—Ä–∏—è","last seen recently"
"778953202","–û–ª—å–≥–∞","last seen recently"
"604900634","–ù–∞—Å—Ç—è –°—Ç—Ä–µ–ª—å—á–µ–Ω–∫–æ","last seen recently"
"382642441","Elizavetaa","last seen recently"
"5819544504","Olga","last seen recently"
"7006489602","Olga","last seen recently"
"792159706","Malina","last seen recently"
"476443787","–°–æ—Ñ–∏—è","last seen recently"
"742990515","Julia","last seen recently"
"5731089026","–ö–∏—Ä–∏–ª–ª –ì–æ–¥–æ—Ñ—Ñ","last seen recently"
"114765898","Larisa Zyuzina","last seen recently"
"7032507213","Anya","last seen recently"
"315352245","–í–∏–∫—Ç–æ—Ä–∏—è –ë–µ–≥—É–Ω","last seen recently"
"697093836","–ú–∞—Ä–∏–Ω–∞","last seen recently"
"471699858","Marina","last seen recently"
"373021977","Elizaveta Kargina","last seen recently"
"7126710987","Olga","last seen recently"
"392906788","–í–∏–∫—Ç–æ—Ä–∏—è –¢–∞—Ä–æÓ©ú","last seen recently"
"206978187","Alexandr","last seen recently"
"73224946","–Ø–Ω–∞ –°–∞–∫–æ–≤–∏—á","last seen recently"
"420472393","Grigory Kopylov","last seen recently"
"550377073","Andrey KosarevÓ©ú","last seen recently"
"358967826","–ï–∫–∞—Ç–µ—Ä–∏–Ω–∞ –î–≤–æ—Ä–µ—Ü–∫–∞—è","last seen recently"
"607309608","Alena Kananovich","last seen recently"
"336204548","Alexander Zhuravlev","last seen recently"
"1069514626","Victoria Rostovskaya","last seen recently"
"1033968049","–ú–∞—Ä–∏—è","last seen recently"
"679101066","Kseniya Talent Researcher","last seen recently"
"286008151","Dana","last seen recently"
"836517998","–ò–ª—å—è","last seen recently"
"137414175","Alexey Rukin","last seen recently"
"338425851","Ekaterina Afonskaya","last seen recently"
"650106179","–í–∞–ª–µ—Ä–∏—è","last seen recently"
"69006135","Nikita Vesnin","last seen recently"
"1284325094","–ï–ª–∏–∑–∞–≤–µ—Ç–∞","last seen recently"
"894251264","Diana Shira Evzman","last seen recently"
"936130501","Serafima Rudneva","last seen recently"
"435512379","–ü–µ—Ç—ÄÓ©ú","last seen recently"
"831765675","Kristina Orekhova","last seen recently"
"1491037619","–Æ–ª–∏—è","last seen recently"
"541011418","–ï–ª–µ–Ω–∞ –ë–∞–±–∏—Ü–∫–∞—èÓ©ú","last seen recently"
"386069828","Ulyana Tarasevich (–≤ –¥–µ–∫—Ä–µ—Ç–µ)","last seen recently"
"509130260","–ú–∞—Ä–∏–Ω–∞ –®–≤–∞—Ä—ë–≤–∞","last seen recently"
"74414775","Klepikova Evgeniia","last seen recently"
"5667158870","–ù–µ–π—Ä–æ‚Ä¢–ø—Ä–æ—Ñ–∞–π–ª–µ—Ä","last seen recently"
"1197835918","Anel_ recruiterÓ©ú","last seen recently"
"7418707076","–ö–∏—Ä–∏–ª–ª","last seen recently"
"811682525","Elmira Bakhshieva","last seen recently"
"39604993","Yulia Afonina (Dorenskaya)","last seen recently"
"887450934","–õ–∞—Ä–∏—Å–∞ –ñ–∏–ª–∏–Ω—Å–∫–∞—è","last seen recently"
"594914281","Vasya Peteckin","last seen recently"
"332682638","Mari","last seen recently"
"6805560852","Oxana IT - —Ä–µ–∫—Ä—É—Ç–µ—Ä","last seen recently"
"781133625","Svetlana","last seen recently"
"504053009","–¢–∞—Ç—å—è–Ω–∞ –ú–µ–∂–æ–≤–∞ DigitalHR","last seen recently"
"474445683","–Æ–ª–∏—è –Ø–±–ª–æ–Ω—Å–∫–∞—è","last seen recently"
"819939932","–ú–∞—Ä–≥–∞—Ä–∏—Ç–∞","last seen recently"
"6085660165","Vitaliy Gasnikov","last seen recently"
"588282659","Liudmila","last seen recently"
"732419868","–ú–∞–∫—Å–∏–º –î–µ–¥–æ–≤–∏—á","last seen recently"
"814662659","–ê–ª–ª–∞ –õ–∏–ø–Ω–∏—Ü–∫–∞—è","last seen recently"
"1197286862","Alisa Shitik","last seen recently"
"708446750","Sofia Kramarenko","last seen recently"
"194569236","Maria","last seen recently"
"281507134","Irina PoddubnayaÓ©ú","last seen recently"
"1695403108","nikita sokolovsky","last seen recently"
"188215278","Ellina Chernobylskaya","last seen recently"
"799933411","–ï–∫–∞—Ç–µ—Ä–∏–Ω–∞","last seen recently"
"818144533","–ê–Ω–∞—Å—Ç–∞—Å–∏—è","last seen recently"
"751580570","Katerina Chevtaeva","last seen recently"
"122218079","Anya Sechkova","last seen recently"
"69295364","–Ø–Ω–∞","last seen recently"
"567922744","Kristina Lao-Olivares","last seen recently"
"451909242","–ê–ª–µ–∫—Å–∞–Ω–¥—Ä","last seen recently"
"888769071","Margarita Aksyutina","last seen recently"
"205456541","Kristina","last seen recently"
"773244200","–Æ–ª—è –õ—ë–≤–∞","last seen recently"
"803522123","Elena Eremina","last seen recently"
"735811561","–ò—Ä–∏–Ω–∞","last seen recently"
"499070875","–Æ–ª–∏—è –ü–µ—Ä–µ–≤–µ—Ä–∑–µ–≤–∞","last seen recently"
"256566912","Dina Ve","last seen recently"
"371986699","Maria NikolskayaÓ©ú","last seen recently"
"338838898","Alena","last seen recently"
"780218036","–ö–∞—Ç—è","last seen recently"
"325208306","–û–∫—Å–∞–Ω–∞","last seen recently"
"474211153","–î–∏–∞–Ω–∞","last seen recently"
"1230570508","Maria Filatova","last seen recently"
"1906059433","–û–ª—è","last seen recently"
"1087742859","Lera","last seen recently"
"1104483906","–ê–Ω–∞—Å—Ç–∞—Å–∏—è","last seen recently"
"1466570924","Leila_recruiter","last seen recently"
"2031106387","Olga Borzakova","last seen recently"
"1644583796","–ê–ª–∏–Ω–∞","last seen recently"
"6201782247","–ù–∞–¥–µ–∂–¥–∞","last seen recently"
"960372089","Natali","last seen recently"
"451921257","Arina Timofeeva","last seen recently"
"339335479","Margarita Is.","last seen recently"
"911616921","Natalie Golubkova","last seen recently"
"8486112568","Tamanno Kamolova (work)","last seen recently"
"696917954","–õ–∏–∑–∞ –ö–æ–Ω—Å—Ç–∞–Ω—Ç–∏–Ω–æ–≤–∞","last seen recently"
"728438979","–í–∏–æ–ª–µ—Ç—Ç–∞ –ë–µ–ª—è–∫–æ–≤–∞","last seen recently"
"5689155595","–ò—Ä–∏–Ω–∞ –ë–æ–Ω–∏","last seen recently"
"337884323","Svetlana Kuleshova (Isharnova)","last seen recently"
"544229596","–ö—Å–µ–Ω–∏—è","last seen recently"
"608008413","samiraÓ©ú","last seen recently"
"193292676","–ö–∞—Ç—è –ù—Ç—Å–∞–º–∞","last seen recently"
"1157410524","–Æ–ª–∏—è –ì–ª—É—à–∫–æ","last seen recently"
"299740187","Eugenia","last seen recently"
"1729573802","ElenaÓ©ú","last seen recently"
"645606059","–ê–Ω–Ω–∞","last seen recently"
"116168902","Ekaterina","last seen recently"
"8586159638","–õ–∏–¥–∏—è","last seen recently"
"358966023","elmira","last seen recently"
"705030890","–£–ª—å–≤–∏—è","last seen recently"
"992559323","–ö—Ä–∏—Å—Ç–∏–Ω–∞ –ó–∞–µ–≤–∞Ó©ú","last seen recently"
"546523912","Diana Berulava","last seen recently"
"50338707","Nika Khamitskaya","last seen recently"
"973076259","–ê–Ω–∞—Å—Ç–∞—Å–∏—è","last seen recently"
"498183239","–Ø–Ω–∞ –û—Å—ã–∫–∞","last seen recently"
"49141323","Roman Kutukov","last seen recently"
"5130806449","–î–∞—Ä—å—è –î–æ–ª–º–∞—Ç–æ–≤–∞","last seen recently"
"455644804","Alexey Nikolaev","last seen recently"
"211130773","Nurzat B","last seen recently"
"1557596749","–°–≤–µ—Ç–ª–∞–Ω–∞","last seen recently"
"602861177","–ê–Ω–Ω–∞","last seen recently"
"127432296","Kirill","last seen recently"
"5426305093","Alena Mikhailovskaya","last seen recently"
"5074406272","Yulia","last seen recently"
"1708386213","–ï–ª–µ–Ω–∞","last seen recently"
"425573899","–ê–Ω–Ω–ê","last seen recently"
"962996627","Alpina PRO","last seen recently"
"1015754187","–ï–ª–µ–Ω–∞ –®—É–±–∫–æ","last seen recently"
"8464514524","Ekaterina","last seen recently"
"434382565","–ö—Å—é—à–∞","last seen recently"
"892469175","–û–∫—Å–∞–Ω–∞","last seen recently"
"1014725084","Maria Igorevna","last seen recently"
"340318132","–î–∏–∞–Ω–∞ –°—Ç—Ä–µ–∫–∞–ª–æ–≤–∞","last seen recently"
"877184268","–ê–Ω–Ω–∞ –í–∏–≥√≥–≤—Å–∫–∞—è","last seen recently"
"5923170895","–û–ª—å–≥–∞","last seen recently"
"8482872318","–ê–Ω—è –ë—É—Ç–∞–∫–æ–≤–∞","last seen recently"
"7175323861","–±–æ—Ä–∏—Å","last seen recently"
"1000151747","–Æ–ª–∏—è","last seen recently"
"792259328","–î–∞—à–∞","last seen recently"
"7042781954","–í–ª–∞–¥","last seen recently"
"370055149","Anastasia Titarenko","last seen recently"
"503994423","AnastasiaÓ©ú","last seen recently"
"5947680773","Lily Vladykina","last seen recently"
"344279151","Maria Frolova","last seen recently"
"948715696","–î–∞—à–∞ –ß–µ—Ä–Ω—ã—à","last seen recently"
"1145662222","Sholpan Expert","last seen recently"
"1453361400","Lena","last seen recently"
"478727027","Renata GerasimovaÓ©ú","last seen recently"
"512969894","Nastassia Dzemidovich","last seen recently"
"8340204853","–Æ–ª–∏—è","last seen recently"
"392195618","–î–∞—Ä—å—è","last seen recently"
"885434464","–ò—Ä–∏–Ω–∞ –ï–≤—Å—é–∫–æ–≤–∞","last seen recently"
"565661922","T M","last seen recently"
"347575962","Kristina Mykolnikova","last seen recently"
"541903823","Alibek Aubakirov","last seen recently"
"676409887","Ilya","last seen recently"
"1005252110","–í–∏–∫—Ç–æ—Ä–∏—è –°—ã—Å–æ–µ–≤–∞","last seen recently"
"1079405469","Katlin Shal","last seen recently"
"480835382","–ê–Ω—è","last seen recently"
"818515961","–¢–∞—Ç—å—è–Ω–∞ –ö—É–∑–∏–Ω–∞","last seen recently"
"883882943","–ê–≤–≥—É—Å—Ç–∏–Ω–∞","last seen recently"
"252050591","Katerina","last seen recently"
"7904808468","–Æ–ª–∏—è –ù–∏–∫—É–ª—å—à–∏–Ω–∞","last seen recently"
"1972076116","T. K.","last seen recently"
"6654373533","–í–µ—Ä–∞ –†—É–∫–æ–≤–∏—á","last seen recently"
"466357657","–û–ª–µ–≥ –î—É–ª–≥–∏–µ—Ä—É","last seen recently"
"539654645","Polina Shapenkova","last seen recently"
"6822741603","Talent Club (career space)","last seen recently"
"204314580","–∞–Ω–≥–µ–ª–∏–Ω–≥","last seen recently"
"197247437","Alena Kozodub","last seen recently"
"1403085859","John Summerson","last seen recently"
"7156903111","–¢–∞—Ç—å—è–Ω–∞ –í–∞–≤–∏–ª–æ–≤–∞","last seen recently"
"5526047305","kidensta","last seen recently"
"506526803","–Ø–∑–∏–ª—è Tech-recruiter Academy","last seen recently"
"469359351","Vitaliy Gasnikov","last seen recently"
"1090239439","Maria Sokolova","last seen recently"
"7861941303","–í–∏–∫—Ç–æ—Ä–∏—è","last seen recently"
"391654139","–î–º–∏—Ç—Ä–∏–π –õ–æ–±–∞–Ω–æ–≤","last seen recently"
"5307504246","–ú–∞–π—è  –ì–†–ê–§–ò–ö –í –ü–†–û–§–ò–õ–ï!!!","last seen recently"
"1306613750","–ü–æ–ª–∏–Ω–∞ –®–∏—Ä–∏–Ω–∫–∏–Ω–∞","last seen recently"
"320984272","Svetlana","last seen recently"
"254179614","–ö—Å–µ–Ω–∏—è –ú–∞–ª–æ–≤–∞ | –ö–∞—Ä—å–µ—Ä–Ω—ã–π –º–µ–Ω—Ç–æ—Ä","last seen recently"
"7301023998","Sofi","last seen recently"
"920621622","–î–∞—Ä—å—è –ê–ª–µ—à–∏–Ω–∞","last seen recently"
"7324949076","–°–≤–µ—Ç–∞","last seen recently"
"6272768733","–î–µ–≤–ª–µ—Ç –°–∞—É–¥–±–µ–∫–æ–≤","last seen recently"
"6728769481","Dmitry Kniga","last seen recently"
"170241958","Anna Koroleva","last seen recently"
"332581258","Valeriy Grebenyuk Fintech Recruiter | PSP | Highrisk | PaymentsÓ©ú","last seen recently"
"6890138320","–ò—Ä–∏–Ω–∞ D","last seen recently"
"576728562","Veronika Zmitrovich","last seen recently"
"1945866342","Olesya Lysenko IT recruiter","last seen recently"
"343001666","Nadia Lapina_","last seen recently"
"984210868","–ï–ª–∏–∑–∞–≤–µ—Ç–∞","last seen recently"
"918555124","–ê–Ω–Ω–∞ –¢—Ä–æ—Ñ–∏–º–æ–≤–∞","last seen recently"
"585337063","Vera TÓ©ú","last seen recently"
"7682334759","Dmitry Aleshin","last seen recently"
"107013284","–°–æ—Ñ—å—è","last seen recently"
"87598639","–Æ–ª–∏—è","last seen recently"
"1653452160","–ö—Å–µ–Ω–∏—è","last seen recently"
"328080210","Alena","last seen recently"
"460438919","–ê–Ω–∞—Å—Ç–∞—Å–∏—è","last seen recently"
"98067577","YourBunnyRoad","last seen recently"
"593146495","–°–≤–µ—Ç–ª–∞–Ω–∞ –ê","last seen recently"
"7364065141","Aida","last seen recently"
"548603641","–õ—É–∏–∑–∞","last seen recently"
"274533133","Julia Anttonen","last seen recently"
"734267273","Natalia Gureva","last seen recently"
"2016401080","Dori","last seen recently"
"7371373084","Vlada_PP","last seen recently"
"542703560","Anna","last seen recently"
"248213907","Alexander Krass","last seen recently"
"487275440","Julia","last seen recently"
"7248485328","–°–∞–≥–ª–∞—Ä–∞ –°–∞—Ä–∞–Ω–≥–æ–≤–∞","last seen recently"
"682891841","–ú–æ–∏—Å–µ–µ–≤–∞ –ù–∞—Ç–∞–ª–∏—è","last seen recently"
"75923622","–ö—Ä–∏—Å—Ç–∏–Ω–∞","last seen recently"
"317976179","–ï–∫–∞—Ç–µ—Ä–∏–Ω–∞ –†–æ–≥–∞—á–µ–≤–∞Ó©ú","last seen recently"
"2126333869","–ö–∞—Ä–∏—à–∫–∞","last seen recently"
"669642119","–ù–∞–∏–ª—è –ò–≤–∞–Ω–æ–≤–∞","last seen recently"
"475304199","–ï–ª–µ–Ω–∞ –ß—É–±–∞–∫–∏–Ω–∞Ó©ú","last seen recently"
"893865585","Maksim","last seen recently"
"228737818","Iren Adler","last seen recently"
"7646701239","AlexÓ©ú","last seen recently"
"484453377","–õ—é–¥–º–∏–ª–∞","last seen recently"
"8207797878","–¢–∞—Ç—å—è–Ω–∞ IT-–†–µ–∫—Ä—É—Ç–µ—Ä","last seen within a week"
"1209950409","Aida","last seen within a week"
"6447505147","–ê–ª–∏–Ω–∞ –í–æ–ª–∫–æ–≤–∞","last seen within a week"
"5723844369","–¢–∞—Ç—å—è–Ω–∞","last seen within a week"
"7131853365","Ani Asatryan","last seen within a week"
"782988499","Olga","last seen within a week"
"537475680","Naz","last seen within a week"
"1453361825","HR Tiqum","last seen within a week"
"5617960011","Anastasiia","last seen within a week"
"6912415908","–ê–ª–µ–∫—Å–µ–π","last seen within a week"
"6085007672","Elena Ikonnikova","last seen within a week"
"1918111970","–ê–ª–µ–∫—Å–∞–Ω–¥—Ä –ú–∞–∫–∞—Ä—á—É–∫","last seen within a week"
"5108014194","–ï–≤–≥–µ–Ω–∏–π –ü–∞–Ω–∞—Å–µ–Ω–∫–æ","last seen within a week"
"373278302","Gulnura Ensenova","last seen within a week"
"742950473","Zarina Kupzhassarova","last seen within a week"
"5151667789","–ù–∞—Ç–∞–ª—å—è –õ–µ–π—Ñ—Ä–∏–¥","last seen within a week"
"5045906768","–ê–Ω–∞—Å—Ç–∞—Å–∏—è","last seen within a week"
"1340247100","Tsovinar Barseghyan","last seen within a week"
"8532266906","Jessica Block","last seen within a month"
"7670725159","–ï–ª–∏–∑–∞–≤–µ—Ç–∞ IT-—Ä–µ–∫—Ä—É—Ç–µ—Ä","last seen within a month"
"6794892966","–ú–∞—Ä–∏—è –ù–æ–≤–∏–∫–æ–≤–∞","last seen within a month"
"6693175791","–õ–µ—Ä–∞","last seen within a month"
"7857159998","–ò–≤–∞–Ω","last seen within a month"
"8000239839","Troy Cook","last seen within a month"
"5995646925","Thom Wills","last seen within a month"
"7560292999","–ê–Ω—Ç–æ–Ω –í–æ—Ä–æ–Ω–∏–Ω","last seen within a month"
"7894584003","–ê–ª–µ–∫—Å–∞–Ω–¥—Ä–∞ –°–∞–≤–∏–Ω–æ–≤–∞","last seen within a month"
"5100887792","PG HR","last seen within a month"
"282155447","Victoria","last seen within a month"
"6587792277","–ò–ª–Ω–∞–∑ –ú—É—Ö–µ—Ç–¥–∏–Ω–æ–≤","last seen within a month"
"7184573324","Anna Andreeva","last seen within a month"
"7101792810","HR –∞–≥–µ–Ω—Ç—Å—Ç–≤–æ HLM","last seen within a month"
"968790628","–ê–Ω–Ω–∞Ó©ú","last seen within a month"
"5311168976","–ú–∞–∫—Å–∏–º | Head of marketing","last seen within a month"
"5693722782","–ï–ª–µ–Ω–∞ –ì—Ä–æ–º–æ–≤–∞","last seen within a month"
"2009592849","–ï–∫–∞—Ç–µ—Ä–∏–Ω–∞","last seen within a month"
"486414094","–Æ–ª–∏–∞–Ω–Ω–∞","last seen within a month"
"5890840690","Ann","last seen within a month"
"1957789822","–ê–Ω—è –í–æ–∫–∞–ª—å—á—É–∫","last seen within a month"
"1233772358","Evgen","last seen within a month"
"1458038204","Tanya Sineva","last seen within a month"
"1221644545","–≠–ª—å–Ω—É—Ä–∞","last seen within a month"
"2101279473","Polina","last seen within a month"
"5301774941","–°–æ–Ω—è –ë–µ–ª—å—Å–∫–∞—è","last seen within a month"
"8535616102","–ê–ª–∏—Å–∞ –ù–∞–π–º—Å—Ç–µ—Ä","last seen a long time ago"
"1682371176","–û–ª—è –ê–ª–∏–µ–≤–∞","last seen a long time ago"
"8391895257","–õ—é–¥–º–∏–ª–∞ –ù–∞–π–º—Å—Ç–µ—Ä","last seen a long time ago"
"8281256808","–ï–≤–∞ –ù–∞–π–º—Å—Ç–µ—Ä","last seen a long time ago"
"8115794452","–ê–Ω–¥—Ä–µ–π","last seen a long time ago"
"8386067211","—è","last seen a long time ago"
"8176739279","–î–º–∏—Ç—Ä–∏–π HR IT","last seen a long time ago"
"7374507860","–ê–ª—å–±–µ—Ä—Ç","last seen a long time ago"
"875723625","Stanislav","last seen a long time ago"
"7951819237","AlexÓ©ú","last seen a long time ago"
"7139020043","–ï–∫–∞—Ç–µ—Ä–∏–Ω–∞","last seen a long time ago"
"6854887415","Ekaterina","last seen a long time ago"
"6749428940","–ò—Ä–∏–Ω–∞","last seen a long time ago"
"7565909936","–û–ª—è","last seen a long time ago"
"6693003412","–ú–∞—Ä–∏—è","last seen a long time ago"
"8040319863","DATUM –†–æ—Å—Ç–æ–≤","last seen a long time ago"
"6125032916","–ù–∞—Ç–∞—à–∞ –ú–∞—Ä—Ç—ã–Ω–æ–≤–∞","last seen a long time ago"
"1720853025","Greus Daria","last seen a long time ago"
"1975291687","Victoriya Mileshko","last seen a long time ago"
"8029664207","–ú–∏–ª–µ–Ω–∞ –ß–µ—Å–Ω–æ–∫–æ–≤–∞","last seen a long time ago"
"6384446235","–ï–≤–≥–µ–Ω–∏—è","last seen a long time ago"
"6874259023","–ú–∞—Ä–∏—è –ú–∞–∫–µ–µ–≤–∞","last seen a long time ago"
"7047912437","–û–∫—Å–∞–Ω–∞","last seen a long time ago"
"6483834868","–ê–Ω–Ω–∞ Recruiter_Hanna","last seen a long time ago"
"7610769105","Denis M","last seen a long time ago"
"6773584701","HR","last seen a long time ago"
"7422994717","–°–µ—Ä–≥–µ–π –û—Å–∏–ø–æ–≤","last seen a long time ago"
"433791261","Telegram Analytics Bot","431 407 users"
"7050152334","–ê–Ω—Ç–æ–Ω","last seen a long time ago"
"6275370833","Artem Rodionov","last seen a long time ago"
"7109180772","Arina Savchuk","last seen a long time ago"
"6611647891","PK","last seen a long time ago"
"1375549623","Julia Labovic","last seen a long time ago"
"5001316832","Koshkina Tatiana","last seen a long time ago"
"6208636294","–ù–∏–∫–æ–ª–∞–π –¢–µ—Ä–µ–Ω–æ–≤","last seen a long time ago"
"6310172038","–ï–ª–µ–Ω–∞ –§–∞–¥–µ–µ–≤–∞","last seen a long time ago"
"5236282491","Vlad","last seen a long time ago"
"6085510778","Ksenia","last seen a long time ago"
"5917067661","–ú–∞–∫—Å–∏–º –ê–±—Ä–æ—Å–∏–º–æ–≤","last seen a long time ago"
"6048788108","–ö—Ä–∏—Å—Ç–∏–Ω–∞ –ö—É–∑–Ω–µ—Ü–æ–≤–∞","last seen a long time ago"
"2052791546","Eliz","last seen a long time ago"
"6349005326","–í–µ—Ä–æ–Ω–∏–∫–∞ –í–æ—Ä–æ–±—å–µ–≤–∞","last seen a long time ago"
"6041139381","–ê–Ω—Ç–æ–Ω –ë–µ–ª—è–µ–≤","last seen a long time ago"
"5675933130","Di","last seen a long time ago"
"989926056","Anton KovalenkoÓ©ú","last seen a long time ago"
"602375973","Malika Bai","last seen a long time ago"
"827794818","–ö –ö","last seen a long time ago"
"5921097004","Romeo Salis","last seen a long time ago"
"875642826","–ú–∞–∫—Å–∏–º","last seen a long time ago"
"5535558141","Denis Ivanov","last seen a long time ago"
"5236543211","Olga","last seen a long time ago"
"494995948","Juli Zorina","last seen a long time ago"
"5068025590","Irina","last seen a long time ago"
"840269850","Kira Osipova","last seen a long time ago"
"1216789226","Iren H_R_","last seen a long time ago"
"938872109","Vi","last seen a long time ago"
"480001764","yazilya","bot"
